-- phpMyAdmin SQL Dump
-- version 3.5.5
-- http://www.phpmyadmin.net
--
-- Host: localhost
-- Generation Time: Jun 03, 2015 at 10:08 AM
-- Server version: 5.5.38-35.2
-- PHP Version: 5.4.23

SET SQL_MODE="NO_AUTO_VALUE_ON_ZERO";
SET time_zone = "+00:00";


/*!40101 SET @OLD_CHARACTER_SET_CLIENT=@@CHARACTER_SET_CLIENT */;
/*!40101 SET @OLD_CHARACTER_SET_RESULTS=@@CHARACTER_SET_RESULTS */;
/*!40101 SET @OLD_COLLATION_CONNECTION=@@COLLATION_CONNECTION */;
/*!40101 SET NAMES utf8 */;

--
-- Database: `mavesoft_track`
--

-- --------------------------------------------------------

--
-- Table structure for table `bug_report`
--

CREATE TABLE IF NOT EXISTS `bug_report` (
  `id` int(11) NOT NULL AUTO_INCREMENT,
  `project_id` int(11) NOT NULL,
  `user_id` int(11) NOT NULL,
  `updated_by` int(11) NOT NULL,
  `title` varchar(255) NOT NULL,
  `description` text NOT NULL,
  `priority` tinyint(4) NOT NULL DEFAULT '1' COMMENT '1:Critical,2:High,3:Medium,4:Low',
  `status` tinyint(4) NOT NULL DEFAULT '1' COMMENT '1:Open,2:Close,3:Fixed,4:Reopen',
  `created_at` date NOT NULL,
  `update_at` timestamp NOT NULL DEFAULT CURRENT_TIMESTAMP ON UPDATE CURRENT_TIMESTAMP,
  PRIMARY KEY (`id`),
  KEY `id` (`id`),
  KEY `project_id` (`project_id`),
  KEY `user_id` (`user_id`),
  KEY `updated_by` (`updated_by`)
) ENGINE=InnoDB  DEFAULT CHARSET=latin1 AUTO_INCREMENT=82 ;

--
-- Dumping data for table `bug_report`
--

INSERT INTO `bug_report` (`id`, `project_id`, `user_id`, `updated_by`, `title`, `description`, `priority`, `status`, `created_at`, `update_at`) VALUES
(4, 5, 1, 1, 'Test Bugs', 'Test bu', 1, 3, '2015-05-23', '2015-05-23 12:48:41'),
(5, 5, 15, 15, 'Home link', 'if we click in home link error-The page you requested cannot be found should be found.', 1, 3, '2015-05-25', '2015-05-25 07:26:55'),
(6, 5, 15, 15, 'About urwebby ', 'About urwebby title should be in capital letter like as Testimonial title.', 2, 1, '2015-05-25', '2015-05-25 07:37:00'),
(7, 5, 15, 15, 'SiteMap link- Home page menu', 'Description of features in right side is not in proper format.', 3, 1, '2015-05-25', '2015-05-25 07:41:29'),
(8, 5, 14, 14, 'Name Text field', 'Go to home page, In right handside query form, Enter digits in name text field, Accepting the digits\r\nExpected result: should be error message.', 2, 1, '2015-05-25', '2015-05-25 07:45:14'),
(9, 5, 14, 14, 'Subscription to our newsletter', 'Go to home page(Front page) enter gmail email id to subscrib to our news letter, Greeting mail should receive to inbox, Error its redirecting to Spam folder\r\n', 2, 1, '2015-05-25', '2015-05-25 08:24:45'),
(10, 5, 14, 14, 'Register button not working', 'Go to Join us page,Enter valid inputs, Click on Register button, Confirmation message should be display\r\nError: No Confirmation', 1, 3, '2015-05-25', '2015-05-25 08:28:59'),
(11, 5, 15, 15, 'Contact Us-Send us a message', 'Enter the detail in name text field its accepting the digits, Excepted result: it should be error message ', 1, 3, '2015-05-25', '2015-05-25 08:29:11'),
(12, 5, 15, 15, 'Get In Touch - home page', ' If we Enter digits in name text field its accepting the digits, its should be show error message.', 3, 1, '2015-05-25', '2015-05-25 08:36:22'),
(13, 5, 15, 15, 'Site Map link- Home page menu- Subscribe to our newsletter box ', 'Subscribe to our newsletter box size is more as compare to other pages. ', 4, 1, '2015-05-25', '2015-05-25 08:40:53'),
(14, 5, 14, 14, 'Password Rest mail', 'Go to join us page, Click on reset password option, enter gmail email id, click on reset button, New password mail is displaying in Spam folder\r\nExpected:Should display in inbox', 2, 1, '2015-05-25', '2015-05-25 08:43:41'),
(15, 5, 15, 15, 'Site Map link- Our Services- Our main services', 'Arrow mark : there is no use of this left and right arrow marks in that page.', 4, 1, '2015-05-25', '2015-05-25 08:51:25'),
(16, 5, 15, 15, 'Site Map link- Our Services- How we work', 'How we work , LISTEN word it should be in upper as similar to other''s like as THINK and SKETCH', 4, 1, '2015-05-25', '2015-05-25 08:57:28'),
(17, 5, 15, 15, 'Site Map link- Our Services- Pricing Table', 'All the pricing description should be one line or it should be divide in two lines.', 3, 1, '2015-05-25', '2015-05-25 09:00:49'),
(18, 5, 15, 15, 'Site Map link- Our Services- TESTIMONIALS AND CLIENTS', 'Both client name''s and full descriptions  is same only picture  is different , check and change it.', 3, 1, '2015-05-25', '2015-05-25 09:04:53'),
(19, 5, 15, 15, 'Site Map link- Pricing menu', 'No content  is update', 2, 1, '2015-05-25', '2015-05-25 09:07:17'),
(20, 5, 15, 15, 'Site Map Link- WEB ANALYTICS SERVICES MENU', 'Description back ground it should be white and proper format .', 3, 1, '2015-05-25', '2015-05-25 09:13:13'),
(21, 5, 15, 15, 'Site Map Link- DELIVERY INFORMATION MENU', 'Description is not proper form,  right side some words can''t be read.', 3, 1, '2015-05-25', '2015-05-25 09:17:12'),
(22, 5, 15, 15, 'CMS Website Design- Name Text Field', 'Go to site Map link click on CMS website Design menu, right side REQUEST A QUOTE if we enter digits in name text field its accepting , Excepting result: it should be error message. ', 2, 1, '2015-05-25', '2015-05-25 09:29:53'),
(23, 5, 15, 15, 'INTERNET MARKETING SERVICES', 'Go to sitemap link click on internet marketing services menu  in that description all main topics like SEO, SMO ,PPC, Reputation/Brand Management all should be in bold letters then it look good.', 4, 1, '2015-05-25', '2015-05-25 09:41:05'),
(24, 5, 15, 15, 'Repetition of two templates ', 'Go to SiteMap link click on template menu and go to travel template option in that  two template are similar and template''s  are not in properly arrange.', 4, 1, '2015-05-25', '2015-05-25 09:50:18'),
(25, 5, 15, 15, 'ONLINE REPUTATION MANAGEMENT', 'Go to SITEMAP link click on ONLINE REPUTATION MANAGEMENT MENU in that description background should be in white and proper form.', 4, 1, '2015-05-25', '2015-05-25 09:59:25'),
(26, 5, 15, 15, 'FACEBOOK FAN PAGE DESIGN Description', 'Go to SITEMAP link click on FACEBOOK FAN PAGE DESIGN menu in that description is not proper format like Why your business needs a Facebook fan page designing service are based on the below facts:  and Why your business needs a Facebook fan page designing service are based on the below facts: , it should be in bold or identified clearly.  ', 4, 1, '2015-05-25', '2015-05-25 10:05:15'),
(27, 5, 15, 15, 'Remove Site Map menu', 'Go to SITEMAP link remove site map menu ,there is no use .', 3, 1, '2015-05-25', '2015-05-25 10:10:27'),
(28, 5, 15, 15, 'TERMS & CONDITIONS Description ', 'Go to SITEMAP link click on TERMS & CONDITIONS menu in that description is not proper format some words in right side not display and arrange properly.', 4, 1, '2015-05-25', '2015-05-25 10:14:24'),
(29, 5, 15, 15, 'OPEN SOURCE WEB DEVELOPMENT Description ', 'Go to SITEMAP link click on OPEN SOURCE WEB DEVELOPMENT menu in that  description \r\nOpen Source Web Development Services:\r\nOpen Source Web Development Modifications:\r\nit should be in bold letters  then it look good.\r\n', 4, 1, '2015-05-25', '2015-05-25 10:19:47'),
(30, 5, 15, 15, 'WHAT WE DO ', 'Go to SITEMAP link click on WHAT WE DO  menu in that content is not update. \r\nIt should be remove otherwise update it .', 2, 1, '2015-05-25', '2015-05-25 10:22:39'),
(31, 5, 15, 15, 'Register Account ', 'Go to SITEMAP Link click on MEMBER BENEFIT menu scroll down then click on Become Our Member in that if enter invalid name text field ,telephone number, address, city then click on continue it will accepting ,\r\nExcepted result: it should be show error message. ', 1, 1, '2015-05-25', '2015-05-25 10:31:51'),
(32, 5, 15, 15, 'OTHER IT SERVICES PACK Description ', 'Go to SITEMAP link click on OTHER IT SERVICES PACK menu in that no matter should be update.', 2, 1, '2015-05-25', '2015-05-25 10:34:36'),
(33, 5, 15, 15, 'PPC SERVICES Description ', 'Go to SITEMAP Link click on PPC SERVICES menu in that description :\r\nPPC Strategy\r\nImplementation\r\nKeywords\r\nAdcopy Writing\r\nAd Extensions\r\nTracking\r\nPPC Optimization\r\nReporting\r\nHow can we help you?\r\n All should be in bold letters then it look good.\r\n\r\n\r\n\r\n', 4, 1, '2015-05-25', '2015-05-25 10:43:01'),
(34, 5, 15, 15, 'Spelling Wrong ', 'Go to SITEMAP link click on TESTIMONIAL menu in that proprietor spelling is wrong ', 4, 1, '2015-05-25', '2015-05-25 10:46:29'),
(35, 5, 14, 14, 'Profile details', 'Go to join us page, Login to account through facebook/Google plus, Click on profile link, Should show our profile details.', 3, 1, '2015-05-25', '2015-05-25 10:52:51'),
(36, 5, 15, 15, 'Similar Details- who we are and vision', 'Go to company link click on who we are and vision menu same matter should be reflected. ', 3, 1, '2015-05-25', '2015-05-25 11:00:44'),
(37, 5, 15, 15, 'Tags Description ', 'Go to Media Center click on BLOG menu option in that right side Tags description is not proper format ', 4, 1, '2015-05-25', '2015-05-25 11:03:49'),
(38, 5, 15, 15, 'Our Vision ', 'Go to COMPANY link click on VISION option in that right side our vision description box should be similar as our mission box. ', 3, 1, '2015-05-25', '2015-05-25 11:16:15'),
(39, 5, 14, 14, 'Bank Details', 'Action:Go to join us page->\r\nlogin with the valid input through Facebook account\r\nClick on profile\r\nClick on Edit Bank\r\nInput:Enter only digits or only special character, Or digits and special charater in Bank Name\r\nExpected Result:Error message\r\nActual result:Accepting the inputs\r\n', 1, 3, '2015-05-25', '2015-05-25 11:18:17'),
(40, 5, 14, 14, 'Bank Details IFSC Code', 'Action:Go to join us page-> login with the valid input through Facebook account Click on profile Click on Edit Bank.\r\nInput:Enter only digits or only special character, Or digits and special charater in IFSC Code field. \r\nExpected Result:Should display error message.\r\nActual result:Accepting the inputs.', 1, 3, '2015-05-25', '2015-05-25 11:21:29'),
(41, 5, 14, 14, 'Account Number', 'Action:Go to join us page-> login with the valid input through Facebook account Click on profile Click on Edit Bank.\r\nInput:Enter only digits or only special character, Or digits with special charater , character with special character in Account number field. \r\nExpected Result:Should display error message.\r\nActual result:Accepting the inputs.', 1, 3, '2015-05-25', '2015-05-25 11:31:48'),
(42, 5, 14, 14, 'Branch Name', 'Action:Go to join us page-> login with the valid input through Facebook account Click on profile Click on Edit Bank. \r\nInput:Enter only digits or only special character, Or digits with special charater or character with special character in Branch name field. \r\nExpected Result:Should display error message. \r\nActual Result:Accepting the inputs.', 2, 1, '2015-05-25', '2015-05-25 11:39:26'),
(43, 5, 14, 14, 'Account Name', 'Action:Go to join us page-> login with the valid input through Facebook account Click on profile Click on Edit Bank. \r\nInput:Enter only digits or only special character, Or digits with special charater , character with special character in Account Name field. \r\nExpected Result:Should display error message. \r\nActual result:Accepting the inputs.', 1, 3, '2015-05-25', '2015-05-25 11:48:26'),
(44, 5, 14, 14, 'Pan Number', 'Action:Go to join us page-> login with the valid input through Facebook account Click on profile Click on Edit Bank. \r\nInput:Enter only digits or only special character, Or digits with special charater , character with special character or special character with digits or Special character with character or begin with digitals, or begin with Special character or begins with space in Pan Number field. \r\nExpected Result:Should display error message. \r\nActual result:Accepting the inputs.', 1, 3, '2015-05-25', '2015-05-25 11:57:57'),
(45, 5, 15, 15, 'Personal Details', 'Action:Go to Packages page->select any of package''s and then click on Purchase now and then click on Check Out then click on Continue button .\r\nInput: enter digits in name text field, enter alphabet in telephone field, enter invalid address and city.\r\nExcepted Result: error message\r\nActual result: Accepting the inputs', 2, 1, '2015-05-25', '2015-05-25 11:57:59'),
(46, 5, 15, 15, 'Check Out-Billing details', 'Action:Go to Packages page->select any of package''s and then click on Purchase now and then click on Check Out then in billing details click on I want to use new address\r\nInput: Enter digits in name text field , enter digit in city field \r\nExcepted result: error message\r\nActual Result : accepting the inputs\r\n', 2, 1, '2015-05-25', '2015-05-25 12:14:35'),
(47, 5, 15, 15, 'Purchase Now Button', 'Action: Go to SITEMAP link click on Our Services then scroll down up to Pricing Table click on Purchase Now Button\r\nInput: Click on Purchase Now Button\r\nExcepted Result: Move forward to shopping cart                checkout page\r\nActual Result: Move forward to home page   ', 1, 1, '2015-05-27', '2015-05-27 11:50:39'),
(48, 5, 15, 15, 'TESTIMONIALS AND CLIENTS ', 'Action: Go to SITEMAP link click on Our Services then scroll down up to TESTIMONIALS AND CLIENTS  \r\nInputs: Click on Clients Intel, sum sung, Max, Philips\r\nExcepted Result: move forward to client pages\r\nActual Result: move forward to home page\r\n', 1, 1, '2015-05-27', '2015-05-27 12:01:12'),
(49, 5, 14, 14, 'Name Text field in leave message', 'Action:Enter the URL:http://www.urwebby.com/, Click on leave message, Enter only digits, only special character, Digits with special character, Special character with digits.\r\nExpected Result:Should display error mess.\r\nActual Result:Accepting the input', 2, 1, '2015-05-28', '2015-05-28 04:04:51'),
(50, 5, 14, 14, 'Modify button ', 'Action:open the browser, Enter the URL:http://www.urwebby.com/, Click on packages, Select any package, click on purchase now, Click on check out button, Select i want to use an existing address, Click on continue,Click on modify button in billing details row.\r\nExpected result:Should display billing details with modify option.\r\nActual Result:Not working', 1, 1, '2015-05-28', '2015-05-28 04:18:50'),
(51, 5, 15, 15, 'Link''s', 'Action:Go to Services,Click on website Design , go to WE ARE SPECIALIZED IN\r\nInputs: Click on all links of WE ARE SPECIALIZED IN\r\nExcepted result: should be move forward to link detail page \r\nActual result: not working', 1, 1, '2015-05-28', '2015-05-28 04:37:49'),
(52, 5, 14, 14, 'Email id need to update', 'Action:Enter the URL :http://www.urwebby.com/, Click on  SEO optimization, Scroll down to SEO – Search Engine Optimization paragraph, Get in touch with us on email \r\nEmail id needs to be updated', 3, 1, '2015-05-28', '2015-05-28 13:59:04'),
(53, 5, 15, 15, 'Reset Password', 'Action: Go to join ,click on Reset Password\r\nInputs: Enter email id \r\nExcepted Result: Reset Password mail should be in inbox\r\nActual Result: Its redirecting to spam folder.', 2, 1, '2015-05-29', '2015-05-29 08:18:43'),
(54, 5, 14, 14, 'Request a quote (Validation)', 'Action:Enter the URL:http://www.urwebby.com/website-design/ , Name text field enter invalid inputs(only digits, Special character, Digits & special character, Special character with characters, Space)\r\nMobile No. text field enter invalid inputs(only characters, Special character, Digits & special character, Special character with digits, Space)\r\nComments text field enter invalid inputs((only digits, Special character, Digits & special character, Special character with characters, Space)\r\nExpecting :Should display error message.\r\nActual result:Acceptng the inputs', 2, 1, '2015-05-29', '2015-05-29 08:32:00'),
(55, 5, 15, 15, 'Forgotten Password', 'Action:Go to Packages, click on any of 3 packages ,select one and click on Purchase Now, click on checkout button , go to Returning Customer ,click on forgotten button\r\nInput: enter email id \r\nExcepted Result : New password receive to inbox\r\n Actual Result; redirecting to spam floder', 2, 1, '2015-05-29', '2015-05-29 08:32:37'),
(56, 5, 15, 15, 'Aliment Issue', 'Go to services , click on any of one services ,scroll down then in right side SERVICES- Ecommerce Website Development link should be in one line.\r\n', 4, 1, '2015-05-29', '2015-05-29 08:48:57'),
(57, 5, 15, 15, 'Our Services Content ', 'Go to SITEMAP, click on Our Services , All content''s should be update.', 1, 1, '2015-05-29', '2015-05-29 09:37:31'),
(58, 5, 14, 14, 'Links', 'Action:Enter the URL:http://www.urwebby.com/, Scrol down to footer, Click on Site map, Click on home page, Click on all the links  and check the content\r\nExpected result :Should redirect to our website.\r\nActual Result:All links are redirecting to different company business and content not update.', 1, 1, '2015-05-29', '2015-05-29 09:37:32'),
(59, 5, 14, 14, 'Allignment', 'Action:Enter the URL:http://www.urwebby.com/, Scroll down to footor, Click on site map, Click on web analytics services .\r\nContent allignment is not proper.', 2, 1, '2015-05-29', '2015-05-29 09:46:33'),
(60, 5, 14, 14, 'Allignment', 'Action:Enter the URL:http://www.urwebby.com/facebook-fan-page-design\r\nContent is not alligned properly', 3, 1, '2015-05-30', '2015-05-30 04:39:52'),
(61, 5, 14, 14, 'Register account', 'Actoin:Enter the URl:http://www.urwebby.com/, Click on packages, Select any package, Click on purchase now button, Click on check out button, Select the radio button register account, Enter the registered details.\r\nExpected result:Warning message already with the option to login & forget password option.\r\nActual result:only Warning message is displaying ', 2, 1, '2015-05-30', '2015-05-30 04:45:41'),
(62, 5, 15, 15, 'Select Request', 'Action: Go to http://www.urwebby.com/, click on Partner with us, click on FRANCHISEE, scroll down click on send to franchisee Request Here, redirect to contact us\r\nInput : enter all field without selecting  select request \r\nExcepted Result: error message showing\r\nActual Result : Its Accepting \r\n\r\n', 2, 1, '2015-05-30', '2015-05-30 04:46:59'),
(63, 5, 14, 14, 'Guest check out', 'Actoin:Enter the URl:http://www.urwebby.com/, Click on packages, Select any package, Click on purchase now button, Click on check out button, Select the radio button Guest checkout, Enter the invalid inputs (Only Special characters, Only character, special character with character, Character with Special character)\r\nExpected result:Should display Warning message and should not allow to accept\r\nActual result:Accepting all the inputs', 2, 1, '2015-05-30', '2015-05-30 04:57:16'),
(64, 5, 14, 14, 'Guest check out', 'Actoin:Enter the URl:http://www.urwebby.com/, Click on packages, Select any package, Click on purchase now button, Click on check out button, Select the radio button Guest checkout, Enter the valid input to all field except telephone text field\r\nExpected result:Should display Warning message.\r\n', 2, 1, '2015-05-30', '2015-05-30 05:06:10'),
(65, 5, 15, 15, 'Continue Button', 'Action: Enter the URl: http://www.urwebby.com/, Click on packages, Select any package, Click on purchase now button, Click on check out button, click on forgotten button in that Continue Button should be near to Back Button', 3, 1, '2015-05-30', '2015-05-30 06:12:16'),
(66, 5, 15, 15, 'Check Out Page', 'Action:Enter the URl:http://www.urwebby.com/, Click on packages, Select any package, Click on purchase now button, Click on check out button\r\nExcepted Result: Check Out Steps should be in serial  order\r\nActual Results: Step 3 and Step 4 is missing\r\n', 3, 1, '2015-05-30', '2015-05-30 06:24:48'),
(67, 5, 14, 14, 'Join us page', 'Action:Enter the URL:http://www.urwebby.com/, click on join us page, In join us, enter the valid inputs to respective field, click on register.\r\nExpected result:Confirmation message should display and should stay in the same page with login option.\r\nActual Result:Its displaying the confirmation but immediatly redirecting to home page, As a customer not able to read the confirmation message.  ', 1, 1, '2015-05-30', '2015-05-30 09:17:38'),
(68, 5, 14, 14, 'Confirmation message', 'Action:Enter the URL : http://www.urwebby.com/, Click on join us page, Enter the valid inputs in joins us, Click on register.\r\nExpected result: Confirmation message which should convey a message to customer where login acces has been sent to there email id', 1, 1, '2015-05-30', '2015-05-30 09:38:37'),
(69, 5, 15, 15, 'Template Color', 'Action:Enter URL http://www.urwebby.com/, In Internet Explore home page template colour showing Colourful, but in Google chrome template colour showing black and white colour.\r\nExcepted Result: Every different browser it should be showing same colour', 3, 1, '2015-05-30', '2015-05-30 11:06:10'),
(70, 5, 14, 14, 'Reset password', 'Action:open the IE browser, enter the URL:http://www.urwebby.com/, Click on join us page, Scroll down , Click on reset password button.\r\nExpected result:Should give an option to reset.\r\nActual result:Reset button not working', 2, 1, '2015-05-30', '2015-05-30 11:07:40'),
(71, 5, 14, 14, 'Urwebby link', 'Action:Open the browser IE, Enter the URL:http://www.urwebby.com/, Click on web development link,  Click on left top urwebby link.\r\nExpected result:Redirect to home page.\r\nActual result:not working', 2, 1, '2015-05-30', '2015-05-30 11:17:30'),
(72, 5, 15, 15, 'Payment Method Page', 'Action: Go to http://www.urwebby.com/, click on Partner With us , Select  Member Benefits, scroll down then click on Become Our Member, then in Register Account page click on Login Page, enter all field in Existing Customer Login, then click on Login Button , It forward to MY DASHBOARD, then click on  Change your payment preferences option\r\nInputs: In Payment Method page without entering any information field click on continue button\r\nExcepted Result: Should be showing error message\r\nActual Result: Its accepting and showing Message-Success: Your account has been successfully updated.', 2, 1, '2015-06-01', '2015-06-01 05:55:11'),
(73, 5, 15, 15, 'Services Tax Display', 'Action:Go to http://www.urwebby.com/, Click on Packages, select any one of the packages ,scroll Down up to services tax \r\n Actual Result: Its showing Service tax @ 12.36% is applicable on all the packages\r\nExpected Result: Change Services tax @14%  ', 1, 1, '2015-06-01', '2015-06-01 09:23:52'),
(74, 1, 14, 14, 'Radio button', 'Action:Enter the URL:http://demo.mglobally.com/admin/\r\nLogin with the below credential\r\nUser Name:admin\r\nPassword:admin@mg\r\nClick on operations, Select member management,\r\nIn that Position radio button not working\r\nNot allowing us to select left radio button.', 1, 1, '2015-06-02', '2015-06-02 10:56:43'),
(75, 1, 15, 15, 'New Users', 'Action: Go to http://demo.mglobally.com/admin, click on operation, select on member management, click on New User \r\nInputs: Fill full add user form, click on submit button\r\nExcepted Result: It should be accepting in admin side\r\nActual Result: Its showing error', 1, 1, '2015-06-02', '2015-06-02 14:20:21'),
(76, 1, 14, 14, 'chat link', 'Action: open the browser, Enter the URL:http://demo.mglobally.com/admin/ , Enter the valid login credentials, Click on operation, Member management, In quick chat, Click to chat with one use.\r\nExpected result: Chat option should received to user.\r\nActual result: Not reflecting the chat option to user from admin', 1, 1, '2015-06-02', '2015-06-02 14:42:03'),
(77, 1, 15, 15, 'Chat Link', 'Action: Go to http://demo.mglobally.com/, click on login link enter valid credential data then click on login button, redirect to home page, in quick chat, Click to chat with admin. \r\nExpected result: Chat option should received to admin. Actual result: Not reflecting the chat option to admin from User side', 1, 1, '2015-06-02', '2015-06-02 14:47:38'),
(78, 1, 14, 14, 'Wallet select drop down menu', 'Action: Enter the URL:http://demo.mglobally.com/admin, Login with valid Credentials, Click on wallet option, In select drop down by default its reflecting cash.\r\nExpected result:Should reflect select with drop drown menu.', 2, 1, '2015-06-02', '2015-06-02 14:58:06'),
(79, 1, 14, 14, 'User name not reflectin', 'Action:Enter the URL:http://demo.mglobally.com/admin, Login with valid credentials, Click on wallet,Click on recharge/ Deduct, Not reflecting user name for all users', 1, 1, '2015-06-02', '2015-06-02 15:02:26'),
(80, 1, 14, 14, 'In genealogy', 'Action:Enter the http://demo.mglobally.com/admin/, Login with valid credentials,Click on operation, Click on genealogy binary, Click on end user, refer one user, enter all the valid inputs, Click on create an account. Its redirecting to created user account.\r\nExpected result:Should stay as admin or my account. ', 1, 1, '2015-06-02', '2015-06-02 15:30:58'),
(81, 1, 15, 15, 'Mail Issue', 'Action; Go to User Home page, click on mail option , go to compose button , then send mail\r\nExcepted Result: Send mail should be showing in send item\r\nActual Result: It showing in inbox mail ', 1, 1, '2015-06-02', '2015-06-02 15:36:40');

-- --------------------------------------------------------

--
-- Table structure for table `project`
--

CREATE TABLE IF NOT EXISTS `project` (
  `id` int(11) NOT NULL AUTO_INCREMENT,
  `name` varchar(255) NOT NULL,
  `sales_user_id` int(11) DEFAULT NULL,
  `contact_person` varchar(100) DEFAULT NULL,
  `client_name` varchar(100) DEFAULT NULL,
  `client_email` varchar(100) DEFAULT NULL,
  `client_phone` int(11) DEFAULT NULL,
  `status` int(11) NOT NULL DEFAULT '0',
  `created_at` date NOT NULL,
  `update_at` timestamp NOT NULL DEFAULT CURRENT_TIMESTAMP ON UPDATE CURRENT_TIMESTAMP,
  PRIMARY KEY (`id`),
  KEY `sales_user_id` (`sales_user_id`),
  KEY `sales_user_id_2` (`sales_user_id`)
) ENGINE=InnoDB  DEFAULT CHARSET=latin1 AUTO_INCREMENT=28 ;

--
-- Dumping data for table `project`
--

INSERT INTO `project` (`id`, `name`, `sales_user_id`, `contact_person`, `client_name`, `client_email`, `client_phone`, `status`, `created_at`, `update_at`) VALUES
(1, 'MGlobal', 1, 'Ram', 'Master', 'ram@gmail.com', 45234234, 1, '2015-05-12', '2015-05-13 07:07:51'),
(2, 'Plnet PC', 1, 'Balaji', 'Test', 'ramram@gmail.com', 2234234, 1, '2015-05-12', '2015-05-13 07:08:03'),
(4, 'Maverick Global Info Soft', NULL, NULL, 'Mr.Ankit Jain', NULL, 2147483647, 0, '2015-05-23', '2015-05-23 13:11:22'),
(5, 'Urwebby', NULL, NULL, 'Mr.Ankit Jain', NULL, 2147483647, 0, '2015-05-21', '2015-05-21 10:59:40'),
(6, 'Sankalpa Developer', NULL, NULL, 'Manjunath', NULL, 2147483647, 0, '2015-05-21', '2015-05-21 11:02:07'),
(7, 'Forestil Services', NULL, NULL, 'Sidharth', NULL, 2147483647, 0, '2015-05-21', '2015-05-21 11:13:13'),
(8, 'Vansh Hospital', NULL, NULL, 'Amit', NULL, 2147483647, 0, '2015-05-21', '2015-05-21 12:47:23'),
(9, 'Supra Diagnostics', NULL, NULL, 'Dr', NULL, 2147483647, 0, '2015-05-22', '2015-05-22 14:20:08'),
(10, 'On Leave', 1, NULL, NULL, NULL, NULL, 0, '2015-05-23', '2015-05-23 13:11:25'),
(11, 'Meeting', 1, NULL, NULL, NULL, NULL, 0, '2015-05-23', '2015-05-23 13:11:27'),
(12, 'Bellfast', NULL, NULL, 'Kiran Ananthu', NULL, 2147483647, 0, '2015-05-27', '2015-05-27 13:07:15'),
(13, 'Incline Corporate Services Private Ltd', NULL, NULL, 'Ananth', NULL, 2147483647, 0, '2015-05-27', '2015-05-27 13:26:24'),
(14, 'Acc Packers Movers', NULL, NULL, 'Jheet Sangram', NULL, 2147483647, 0, '2015-05-27', '2015-05-27 13:29:47'),
(15, 'Tripti Nurserycbse', NULL, NULL, 'Vasundara', NULL, 2147483647, 0, '2015-05-29', '2015-05-29 13:10:13'),
(16, 'Nanjundaya Memorial Trust', NULL, NULL, 'Nanjundaya', NULL, 2147483647, 0, '2015-06-01', '2015-06-01 13:22:01'),
(17, 'Rao coaching center', NULL, NULL, ' Parigirao', NULL, 2147483647, 0, '2015-06-01', '2015-06-01 13:22:56'),
(18, 'Gen-Nxt Services', NULL, NULL, 'Gennxt', NULL, 2147483647, 0, '2015-06-01', '2015-06-01 13:24:30'),
(19, 'Transfiguration Mission', NULL, NULL, 'Transfiguration', NULL, 2147483647, 0, '2015-06-01', '2015-06-01 13:26:07'),
(20, 'Tecmotronics', NULL, NULL, 'Tecmo', NULL, 2147483647, 0, '2015-06-02', '2015-06-02 13:04:23'),
(21, 'Classic Electricals', NULL, NULL, 'classic', NULL, 2147483647, 0, '2015-06-02', '2015-06-02 13:04:50'),
(22, 'Shrouryagarh', NULL, NULL, 'shrou', NULL, 2147483647, 0, '2015-06-02', '2015-06-02 13:05:04'),
(23, 'Anand Dog', NULL, NULL, 'Anand', NULL, 2147483647, 0, '2015-06-02', '2015-06-02 13:05:17'),
(24, 'Rimjim Nursary', NULL, NULL, 'Rimjim', NULL, 2147483647, 0, '2015-06-02', '2015-06-02 13:05:35'),
(25, 'Transfiguration missionary society', NULL, NULL, 'Trans', NULL, 2147483647, 0, '2015-06-02', '2015-06-02 13:06:15'),
(26, 'Sreenivasalu & Associates Chartered Accounts', NULL, NULL, 'Sreenivasalu', NULL, 2147483647, 0, '2015-06-02', '2015-06-02 13:06:40'),
(27, 'Myhealth World', NULL, NULL, 'myhealth', NULL, 2147483647, 0, '2015-06-02', '2015-06-02 13:06:59');

-- --------------------------------------------------------

--
-- Table structure for table `track_record`
--

CREATE TABLE IF NOT EXISTS `track_record` (
  `id` int(11) NOT NULL AUTO_INCREMENT,
  `user_id` int(11) NOT NULL,
  `project_id` int(11) NOT NULL,
  `description` text NOT NULL,
  `to_time` varchar(10) NOT NULL,
  `from_time` varchar(10) NOT NULL,
  `status` tinyint(4) NOT NULL DEFAULT '1',
  `created_at` date NOT NULL,
  `updated_at` timestamp NOT NULL DEFAULT CURRENT_TIMESTAMP ON UPDATE CURRENT_TIMESTAMP,
  PRIMARY KEY (`id`),
  KEY `user_id` (`user_id`,`project_id`),
  KEY `project_id` (`project_id`)
) ENGINE=InnoDB  DEFAULT CHARSET=latin1 AUTO_INCREMENT=246 ;

--
-- Dumping data for table `track_record`
--

INSERT INTO `track_record` (`id`, `user_id`, `project_id`, `description`, `to_time`, `from_time`, `status`, `created_at`, `updated_at`) VALUES
(16, 2, 2, '1-Update on planet pc\r\n2-logo design for druthi\r\n3-content update for supra', '09:AM', '10:AM', 1, '0000-00-00', '2015-05-21 09:38:45'),
(17, 1, 1, '1: Worked Design - Planet PC\r\n2:  Testing on MG', '09:AM', '10:AM', 1, '0000-00-00', '2015-05-21 09:53:18'),
(18, 6, 4, 'Wrote Article for Maverick', '09:30AM', '11:30AM', 1, '0000-00-00', '2015-05-21 12:27:25'),
(19, 6, 4, 'Wrote Article for Maverick', '12:00PM', '02:30PM', 1, '0000-00-00', '2015-05-21 12:27:45'),
(20, 4, 4, 'Worked on Maverick Letter Head', '09:00AM', '09:30AM', 1, '0000-00-00', '2015-05-21 12:27:59'),
(21, 9, 7, 'Created Logo and made changes and variations in color\r\nChanged PSD file for login page\r\nChanged PSD in validation page', '03:30PM', '05:30PM', 1, '0000-00-00', '2015-05-21 12:29:01'),
(22, 6, 5, 'Wrote Blog.', '02:30PM', '04:30PM', 1, '0000-00-00', '2015-05-21 12:29:01'),
(23, 4, 6, 'Sankalpa Website plans - Images ', '09:30AM', '11:00AM', 1, '0000-00-00', '2015-05-21 12:29:11'),
(24, 6, 5, 'Written an article for UrWebby.', '04:30PM', '06:00PM', 1, '0000-00-00', '2015-05-21 12:29:36'),
(25, 9, 1, 'panel work for mglobal work.', '10:00AM', '02:00PM', 1, '0000-00-00', '2015-05-21 12:30:14'),
(26, 4, 1, 'Worked on "Classic Electricals" logo design.', '11:00AM', '12:00PM', 1, '0000-00-00', '2015-05-21 12:30:16'),
(27, 5, 2, 'worked on changes', '09:30AM', '10:30AM', 1, '0000-00-00', '2015-05-21 12:30:22'),
(28, 4, 1, 'Worked on Watsapp poster', '12:00PM', '01:00PM', 1, '0000-00-00', '2015-05-21 12:31:05'),
(29, 5, 6, 'worked on sliders & banners ', '10:30AM', '01:30PM', 1, '0000-00-00', '2015-05-21 12:31:17'),
(30, 4, 4, 'Designed "Surprise" Emailer (2 designs)', '02:00PM', '03:30PM', 1, '0000-00-00', '2015-05-21 12:32:23'),
(31, 4, 6, 'orked on Sankalpa Home Slider images', '03:30PM', '04:00PM', 1, '0000-00-00', '2015-05-21 12:32:42'),
(32, 4, 4, 'Worked on Broucher', '04:00PM', '05:30PM', 1, '0000-00-00', '2015-05-21 12:33:13'),
(33, 5, 4, 'worked on content changes', '02:30PM', '05:00PM', 1, '0000-00-00', '2015-05-21 12:33:27'),
(34, 4, 1, 'worked on M Globally Logo', '05:30PM', '06:00PM', 1, '0000-00-00', '2015-05-21 12:33:33'),
(35, 10, 8, 'Analysis and preparing report for Hospital Management Software', '09:00AM', '03:00PM', 1, '0000-00-00', '2015-05-21 12:49:42'),
(36, 7, 4, 'Google analytics check, website health check, website traffic monitoring and reviewing various referral traffic.\r\nGoogle webmaster validations and monitoring', '09:00AM', '10:00AM', 1, '0000-00-00', '2015-05-21 12:51:41'),
(37, 7, 4, 'Worked for Mathapathi, a real estate client.\r\n\r\nWeb 2.0 submission, \r\nFacebook Posting\r\nGroup Sharing\r\nTwitter Posting\r\n\r\nForum Participation and New Profile creation', '10:00AM', '01:00PM', 1, '0000-00-00', '2015-05-21 12:53:01'),
(38, 7, 4, 'Maverick Info Soft web page content validation , worked with Sandeep .', '02:00PM', '03:00PM', 1, '0000-00-00', '2015-05-21 12:53:41'),
(39, 13, 5, 'Offpage submissions for urwebby ', '09:00AM', '10:00AM', 1, '0000-00-00', '2015-05-21 12:54:35'),
(40, 13, 5, '2 Blog content topic ideas send to shivali ', '10:00AM', '11:00AM', 1, '0000-00-00', '2015-05-21 12:54:52'),
(41, 7, 4, 'Worked on MaverickGlobal Infosoft\r\n\r\nBlog comment\r\nweb 2.0 submission\r\nFacebook posting\r\nGroup Sharing\r\n\r\nWorked on new SEO tools to find out various factors which will affect website presence in search engine.', '03:00PM', '06:00PM', 1, '0000-00-00', '2015-05-21 12:55:52'),
(42, 13, 5, 'offpage submissions for urwebby', '11:00AM', '12:00PM', 1, '0000-00-00', '2015-05-21 12:55:55'),
(43, 13, 5, 'blog content keyword ideas and content optimization and uploaded on urwebby blog', '12:00PM', '01:00PM', 1, '0000-00-00', '2015-05-21 12:56:40'),
(44, 5, 6, 'banner slider changes', '05:00PM', '06:30PM', 1, '0000-00-00', '2015-05-21 12:56:48'),
(45, 10, 8, 'Analysisng Code technically and exploring the possible ways of developing the software\r\n', '03:00PM', '06:30PM', 1, '0000-00-00', '2015-05-21 12:58:29'),
(46, 12, 1, 'i am working on header part, jquery conflict part,css issues part,social madia part, mobile responsive part,parallax slider part, form part,footer part,our services slider part, call-us tab part,dashboard part', '09:00AM', '06:30PM', 1, '0000-00-00', '2015-05-21 13:01:41'),
(47, 8, 1, 'Mglobal on builder part.added 3 forms and how to add custom templates.', '10:00AM', '07:00PM', 1, '0000-00-00', '2015-05-21 13:22:26'),
(48, 13, 5, '- email campaign content coordination and ideation with shivali', '04:00PM', '06:00PM', 1, '0000-00-00', '2015-05-21 13:37:24'),
(49, 4, 6, 'Worked on Sankalpa Plans images for website', '09:00AM', '10:00AM', 1, '0000-00-00', '2015-05-22 09:06:35'),
(50, 4, 4, 'Creted 1 Website designs for RESORT', '11:00AM', '07:00AM', 1, '0000-00-00', '2015-05-22 09:06:59'),
(51, 4, 4, 'Redesigned Belfast logo', '11:30AM', '01:00PM', 1, '0000-00-00', '2015-05-22 09:07:28'),
(52, 6, 5, 'Created content for landing page, email campaign (4) and facebook ad campaign for urwebby.', '09:00AM', '06:00PM', 1, '0000-00-00', '2015-05-22 12:44:16'),
(53, 5, 6, 'worked on slider ', '09:30AM', '01:00PM', 1, '0000-00-00', '2015-05-22 12:51:10'),
(54, 5, 4, 'logo part', '02:00PM', '03:00PM', 1, '0000-00-00', '2015-05-22 12:52:07'),
(55, 5, 6, '1-worked on sankalpa developers slider \r\n2- worked on icline project', '03:00PM', '06:30PM', 1, '0000-00-00', '2015-05-22 12:53:28'),
(56, 9, 7, 'PSD for New Seo Marketing Landing Page...\r\nBtns for Forestil\r\nPSD revision for Forestil', '09:00AM', '06:30PM', 1, '0000-00-00', '2015-05-22 12:53:51'),
(57, 13, 5, 'Facebook ad campaign setup', '09:00AM', '11:00AM', 1, '0000-00-00', '2015-05-22 12:54:08'),
(58, 13, 5, 'Facebook ad image content & layout ideas coordinated with Bindu', '11:00AM', '01:00PM', 1, '0000-00-00', '2015-05-22 12:54:50'),
(59, 7, 4, 'Worked on landing page content creations and worked with designers', '09:00AM', '01:00PM', 1, '0000-00-00', '2015-05-22 12:55:21'),
(60, 7, 4, 'Worked on web 2.0 submissions and report preparation', '02:00PM', '04:00PM', 1, '0000-00-00', '2015-05-22 12:56:00'),
(61, 7, 4, 'Worked for new project supra diagnostics\r\n\r\nInitial analysis and suggestions report\r\nkeywords finding and study', '04:00PM', '06:00PM', 1, '0000-00-00', '2015-05-22 12:56:44'),
(62, 13, 5, '- Email campaign matter for seo, digital marketing, local business listing, web design\r\n- Have send the list of services to shivali for each of the email campaignings\r\n- Content ideas send to shivali for email campaiging.\r\n- Modifications to the facebook ad image', '02:00PM', '06:00PM', 1, '0000-00-00', '2015-05-22 12:57:11'),
(63, 8, 1, 'chat integrated\r\ndemo modification\r\npackage module completed. (add,edit,delete etc)', '09:30AM', '08:00AM', 1, '0000-00-00', '2015-05-22 14:44:05'),
(64, 1, 1, '1. mGlobally\r\n2. Interview\r\n3. Support Team', '9:00AM', '1.30AM', 1, '2015-05-21', '2015-05-20 18:30:00'),
(65, 1, 1, '1. mGlobally\r\n2. Interview\r\n3. Support Team', '2:45PM', '8:30PM', 1, '2015-05-21', '2015-05-20 18:30:00'),
(66, 1, 1, '1. mGlobally\r\n2. Interview\r\n3. Support Team\r\n4. Worked on TMT(time tracker)', '9:00AM', '1.45PM', 1, '2015-05-22', '2015-05-21 18:30:00'),
(67, 1, 1, '1. mGlobally\r\n2. Interview\r\n3. Support Team\r\n4. Meeting with Management', '2:30PM', '8:15PM', 1, '2015-05-22', '2015-05-21 18:30:00'),
(68, 1, 1, 'Worked on Binary tree calculation with Team', '10:00AM', '11:00AM', 1, '0000-00-00', '2015-05-27 14:00:23'),
(69, 1, 11, 'HOD Meeting with Ankit Sir', '11:00AM', '03:00PM', 1, '0000-00-00', '2015-05-27 14:00:23'),
(70, 3, 1, 'Binary Calculation of currnet date.', '09:30AM', '07:00PM', 1, '0000-00-00', '2015-05-23 13:51:40'),
(71, 4, 4, 'Technical issue', '07:00AM', '10:30AM', 1, '0000-00-00', '2015-05-25 12:18:48'),
(72, 4, 4, 'Emonte logo', '10:30AM', '11:30AM', 1, '0000-00-00', '2015-05-25 12:19:46'),
(73, 4, 4, 'worked on Business Seminar Invitation ', '11:30AM', '01:00PM', 1, '0000-00-00', '2015-05-25 12:20:21'),
(74, 4, 4, 'Service Lelo Enquiry Forms designed (5 Screens designed)', '02:00PM', '04:30PM', 1, '0000-00-00', '2015-05-25 12:21:17'),
(75, 4, 4, 'Service Lelo Enquiry Forms designed (5 Screens designed)', '04:30PM', '06:00PM', 1, '0000-00-00', '2015-05-25 12:21:39'),
(76, 9, 5, 'Creating A4 Template with editing (3 variations with revisions)\r\nAssisting on forestill design\r\nImage to sandeep\r\na5 envelope design to arun\r\nconversion of PDF\r\nlanding page conversion for social media marketing', '09:00AM', '06:00PM', 1, '0000-00-00', '2015-05-25 12:30:46'),
(77, 13, 5, 'Network Down', '09:00AM', '10:30AM', 1, '0000-00-00', '2015-05-25 12:38:45'),
(78, 13, 5, 'Meeting in the conference room.', '10:30AM', '11:30AM', 1, '0000-00-00', '2015-05-25 12:39:46'),
(79, 13, 5, 'Offpage submissions; \r\nprofile creations', '11:30AM', '01:00PM', 1, '0000-00-00', '2015-05-25 12:40:16'),
(80, 13, 5, 'Email extractor tool free trial research and testing;\r\nHave send the tool for payment processing approval', '02:00PM', '03:00PM', 1, '0000-00-00', '2015-05-25 12:41:27'),
(81, 13, 5, 'Linkedin ads proposal creation and send the proposal to the sales team for approval\r\ntwitter advertising not available in india', '03:00PM', '04:00PM', 1, '0000-00-00', '2015-05-25 12:42:37'),
(82, 13, 5, 'Done with onpage optimization for urwebby 2 webpages\r\nkeyword research and content optimization', '04:00PM', '06:00PM', 1, '0000-00-00', '2015-05-25 12:44:02'),
(83, 5, 6, 'worked on incline', '09:00AM', '10:30AM', 1, '0000-00-00', '2015-05-25 12:52:20'),
(84, 5, 11, 'Meeting', '10:30AM', '11:30AM', 1, '0000-00-00', '2015-05-25 12:52:51'),
(85, 5, 1, 'worked on Project Service Lelo', '11:30AM', '01:00PM', 1, '0000-00-00', '2015-05-25 12:57:11'),
(86, 5, 1, 'worked on Service Lelo', '02:00PM', '05:00PM', 1, '0000-00-00', '2015-05-25 12:57:52'),
(87, 5, 6, 'sankalpa developer', '05:00PM', '05:30PM', 1, '0000-00-00', '2015-05-25 12:58:22'),
(88, 5, 1, 'worked on Service lelo', '05:30PM', '06:30PM', 1, '0000-00-00', '2015-05-25 12:59:01'),
(89, 7, 4, 'Internet was not working', '09:00AM', '10:30AM', 1, '0000-00-00', '2015-05-25 13:00:26'),
(90, 7, 4, 'Meeting', '10:30AM', '11:30AM', 1, '0000-00-00', '2015-05-25 13:00:43'),
(91, 7, 5, 'URWEBBY\r\n\r\nWorked with Designer to finalize landing page', '11:30AM', '01:00PM', 1, '0000-00-00', '2015-05-25 13:01:26'),
(92, 7, 4, 'Mathapathi Link Building', '02:00PM', '03:30PM', 1, '0000-00-00', '2015-05-25 13:01:54'),
(93, 7, 4, 'Maverick Info Soft\r\n\r\nSocial media promotion \r\nLink Building ', '03:30PM', '06:30PM', 1, '0000-00-00', '2015-05-25 13:02:40'),
(94, 10, 8, 'Understanding the architure and prepared excel for the client requirement', '10:00AM', '07:30AM', 1, '0000-00-00', '2015-05-25 13:54:02'),
(95, 8, 1, 'testimonial approval\r\ndocument verification\r\ncall to skype\r\nchange password\r\nuser add /edit/delete from admin\r\n', '09:30AM', '08:30AM', 1, '0000-00-00', '2015-05-25 15:08:18'),
(96, 3, 1, 'Binary Calculation for root and child', '09:00AM', '06:00PM', 1, '0000-00-00', '2015-05-25 15:25:16'),
(97, 3, 4, 'Jquery Modal confliction for login form', '06:30PM', '08:30PM', 1, '0000-00-00', '2015-05-25 15:26:27'),
(98, 4, 4, 'Designed "Employee Referral Program" Mailer invitation', '09:00AM', '11:30AM', 1, '0000-00-00', '2015-05-26 12:30:45'),
(99, 4, 4, 'Created an ICONS for the following topics:\r\nSearch Engine Optimization\r\nSearch Engine Marketing\r\nPay Per Click Advertising (Google & Facebook)\r\nSocial Media Optimization (SMO)\r\nOnline Reputation Management\r\nContent Marketing\r\nEmail Marketing\r\nMobile Advertising\r\n', '11:30AM', '01:00PM', 1, '0000-00-00', '2015-05-26 12:31:16'),
(100, 4, 6, 'Worked on Sankalpa Floor plans images', '01:30PM', '02:00PM', 1, '0000-00-00', '2015-05-26 12:31:43'),
(101, 4, 6, 'Worked on Sankalpa Developer images', '02:00PM', '03:00PM', 1, '0000-00-00', '2015-05-26 12:32:05'),
(102, 4, 6, 'Created ICONS for Sankalpa', '03:00PM', '03:00PM', 1, '0000-00-00', '2015-05-26 12:32:27'),
(103, 4, 4, 'Created 1 Banner for Facebook', '04:00PM', '04:30PM', 1, '0000-00-00', '2015-05-26 12:33:09'),
(104, 4, 1, ' working on CD 3d cover designs ', '04:30PM', '06:00PM', 1, '0000-00-00', '2015-05-26 12:40:32'),
(105, 9, 5, 'Worked on Template editing for landing page\r\nenvelope texture design and editing for envelope\r\nConvertion for print\r\nA4 Promotional flyer Clipping for printing...\r\nHome Page Design for M Global', '09:30AM', '06:00PM', 1, '0000-00-00', '2015-05-26 12:41:50'),
(106, 6, 1, 'Wrote Letter for JITO.', '09:30AM', '10:30AM', 1, '0000-00-00', '2015-05-26 12:46:02'),
(107, 6, 1, 'Wrote article.', '10:30PM', '12:30PM', 1, '0000-00-00', '2015-05-26 12:46:33'),
(108, 6, 5, 'Article for Urwebby.', '01:00PM', '03:30PM', 1, '0000-00-00', '2015-05-26 12:46:57'),
(109, 6, 5, 'Wrote tag lines for email campaign and content for new pages.', '03:30PM', '06:00PM', 1, '0000-00-00', '2015-05-26 12:47:38'),
(110, 13, 5, '- offpage submissions for urwebby\r\n- profile creations\r\n- competitor analysis', '09:00AM', '01:00PM', 1, '0000-00-00', '2015-05-26 12:56:38'),
(111, 13, 5, 'Email campaign 4 content prepared and updated on Email CRM tool', '02:00PM', '04:00PM', 1, '0000-00-00', '2015-05-26 12:57:24'),
(112, 13, 5, '- Email Extractor tool registration done. Have extracted the email ids and send to sales team', '04:00PM', '06:00PM', 1, '0000-00-00', '2015-05-26 12:58:43'),
(113, 7, 4, 'Content Suggestions / Analytics Check', '09:00AM', '10:00AM', 1, '0000-00-00', '2015-05-26 13:00:33'),
(114, 7, 4, 'Worked on Social media', '10:00AM', '11:00AM', 1, '0000-00-00', '2015-05-26 13:00:50'),
(115, 7, 4, 'Classified ad posting', '11:00AM', '03:00PM', 1, '0000-00-00', '2015-05-26 13:01:12'),
(116, 7, 4, 'Blog comment', '03:00PM', '06:30PM', 1, '0000-00-00', '2015-05-26 13:01:38'),
(117, 10, 8, 'Working on Functionality of HMS, Added additional info for patient and experimenting on ajax for prescription', '09:00AM', '06:30PM', 1, '0000-00-00', '2015-05-26 13:01:55'),
(118, 5, 2, 'worked on issues', '09:30AM', '10:30AM', 1, '0000-00-00', '2015-05-26 14:29:46'),
(119, 5, 6, 'worked on sankalpa ', '10:30AM', '12:00PM', 1, '0000-00-00', '2015-05-26 14:30:20'),
(120, 5, 5, 'webby design', '12:00PM', '01:00PM', 1, '0000-00-00', '2015-05-26 14:30:50'),
(121, 5, 5, 'webby design', '02:00PM', '08:00PM', 1, '0000-00-00', '2015-05-26 14:31:10'),
(122, 8, 1, 'mglobal', '09:30AM', '08:30AM', 1, '0000-00-00', '2015-05-26 15:03:21'),
(123, 9, 1, 'U i Design for home page Mglobal\r\nUI Design color variation Homepage MGlobal\r\nDesign Detailing on Rackon Net Landing Page Design\r\nFlyer Design Changes - Ur Webby\r\nEnvelope Design Changes - Ur Webby\r\n', '09:00AM', '06:30PM', 1, '0000-00-00', '2015-05-27 12:32:46'),
(124, 4, 1, 'Created 6 3D packages designs', '09:00AM', '12:30PM', 1, '0000-00-00', '2015-05-27 12:35:40'),
(125, 4, 1, 'Worked on Content marketing banner', '12:30PM', '01:00PM', 1, '0000-00-00', '2015-05-27 12:36:20'),
(126, 4, 4, 'Worked on insite international school banner images', '02:00PM', '03:30PM', 1, '0000-00-00', '2015-05-27 12:37:20'),
(127, 4, 1, 'Worked on insite international school icon ', '03:30PM', '04:30PM', 1, '0000-00-00', '2015-05-27 12:37:44'),
(128, 4, 1, 'Worked on Toto Relocation logo', '04:30PM', '05:30PM', 1, '0000-00-00', '2015-05-27 12:37:58'),
(129, 4, 1, 'Worked on insite international school logo & CD box design', '05:30PM', '06:00PM', 1, '0000-00-00', '2015-05-27 12:39:58'),
(130, 6, 5, 'Written landing page content, tag lines for email campaign, Sms content, and content for new web pages to be added in urwebby. ', '09:00AM', '06:00PM', 1, '0000-00-00', '2015-05-27 12:40:42'),
(131, 5, 5, 'webby home page', '09:30AM', '01:00PM', 1, '0000-00-00', '2015-05-27 12:57:55'),
(132, 5, 12, 'worked on menu pages', '02:00PM', '06:30PM', 1, '0000-00-00', '2015-05-27 13:11:41'),
(133, 10, 8, 'working on preparing document on time required for each task on hospital management software', '09:30AM', '12:30PM', 1, '0000-00-00', '2015-05-27 13:23:11'),
(134, 10, 11, 'HR MEET', '12:30PM', '01:00PM', 1, '0000-00-00', '2015-05-27 13:23:36'),
(135, 10, 8, 'working on preparing document on time required for each task on hospital management software', '01:30PM', '04:00PM', 1, '0000-00-00', '2015-05-27 13:24:42'),
(136, 10, 8, 'working on adding  prescription for each visit of each patient , save and  view of all prescriptions of each patient and some additional fields in prescription table is done should work on edit tomorrow', '04:00PM', '07:00AM', 1, '0000-00-00', '2015-05-27 13:25:41'),
(137, 18, 14, 'ACC Packer website  5 pages finished', '09:30AM', '06:30PM', 1, '0000-00-00', '2015-05-27 13:44:06'),
(138, 7, 4, 'Google analytics and task assigning/ validating', '09:00AM', '10:00AM', 1, '0000-00-00', '2015-05-27 13:45:36'),
(139, 13, 5, 'offpage submissions', '09:00AM', '12:00PM', 1, '0000-00-00', '2015-05-27 13:45:46'),
(140, 13, 5, 'content matter for blog ideas', '12:00PM', '01:00PM', 1, '0000-00-00', '2015-05-27 13:46:05'),
(141, 7, 4, 'Link building for maverick', '10:00AM', '02:30PM', 1, '0000-00-00', '2015-05-27 13:46:19'),
(142, 13, 5, 'email campaign content landing page optimization - 2 pages', '02:00PM', '06:00PM', 1, '0000-00-00', '2015-05-27 13:46:38'),
(143, 7, 4, 'landing page for ramana\r\nand urwebby, campaign setup', '02:30PM', '06:00PM', 1, '0000-00-00', '2015-05-27 13:47:00'),
(144, 7, 11, 'training session for sales team', '06:00PM', '07:00PM', 1, '0000-00-00', '2015-05-27 13:47:21'),
(145, 8, 1, 'mglobal\r\nbuilder ', '09:30AM', '08:30AM', 1, '0000-00-00', '2015-05-27 15:05:15'),
(146, 13, 5, 'Facebook ad setup and region selecting with audience setting.', '09:00AM', '12:00PM', 1, '0000-00-00', '2015-05-28 11:46:39'),
(147, 13, 5, 'Email marketing crm tool setup and training to sales team', '12:00PM', '01:00PM', 1, '0000-00-00', '2015-05-28 11:47:12'),
(148, 13, 5, 'landing page optimization and content update.', '02:00PM', '04:00PM', 1, '0000-00-00', '2015-05-28 11:47:46'),
(149, 13, 5, 'Send seo initial analysis report to Rag for the client obsessory.com', '04:00PM', '05:00PM', 1, '0000-00-00', '2015-05-28 11:48:52'),
(150, 4, 1, 'CD design', '09:00AM', '12:00PM', 1, '0000-00-00', '2015-05-28 12:26:41'),
(151, 4, 4, 'Broucher', '12:00PM', '01:00PM', 1, '0000-00-00', '2015-05-28 12:26:55'),
(152, 4, 12, 'worked on Belfast Banner image', '02:00PM', '03:00PM', 1, '0000-00-00', '2015-05-28 12:27:19'),
(153, 4, 1, 'Worked on Toto-Relocation logo', '03:00PM', '03:30PM', 1, '0000-00-00', '2015-05-28 12:27:42'),
(154, 4, 1, 'Created SEO package banner design for FB', '03:30PM', '04:30PM', 1, '0000-00-00', '2015-05-28 12:27:54'),
(155, 4, 1, 'CD design boxes', '04:30PM', '05:30PM', 1, '0000-00-00', '2015-05-28 12:28:19'),
(156, 4, 12, 'WOrked on Blefast logo', '05:00PM', '05:30PM', 1, '0000-00-00', '2015-05-28 12:28:47'),
(157, 6, 5, 'Written content for new pages to be added (3), SMS content, and Landing Page.', '09:00AM', '06:00PM', 1, '0000-00-00', '2015-05-28 12:34:13'),
(158, 4, 1, 'worked on Toto-Relocation phone number & email  image', '05:30PM', '06:00PM', 1, '0000-00-00', '2015-05-28 12:37:12'),
(159, 9, 1, 'MGlobal Login Screen\r\nMGlobal Register Screen started\r\nEdited Letter Head Maverick for Printing\r\nCreated Small size PDF for Brochure', '09:00AM', '06:00PM', 1, '0000-00-00', '2015-05-28 12:39:19'),
(160, 5, 12, 'worked on designing', '09:30AM', '01:00PM', 1, '0000-00-00', '2015-05-28 13:10:36'),
(161, 10, 8, 'worked and completed edit prescription(2 hours), worked and completed discharge summary (5 hours),and working on operation summary(1 hour)', '09:30AM', '07:00PM', 1, '0000-00-00', '2015-05-28 13:13:11'),
(162, 7, 4, 'Worked on paid campaign setup', '09:00AM', '02:00PM', 1, '0000-00-00', '2015-05-28 15:59:31'),
(163, 7, 4, 'worked on Ramana enterprises campaign setup', '02:00PM', '06:00PM', 1, '0000-00-00', '2015-05-28 16:00:17'),
(164, 7, 11, 'Training session for sales team', '06:00PM', '06:30PM', 1, '0000-00-00', '2015-05-28 16:00:49'),
(165, 9, 1, 'Login Screen Complete,\r\nAssistance on Icon\r\nIcon Design for Login Screen\r\nIcon Design for Register Screen\r\nRegister Screen\r\nRegister screen navigation and interaction search and implementation', '09:00AM', '06:00PM', 1, '0000-00-00', '2015-05-29 12:36:41'),
(166, 13, 5, '- offpage submissions for urwebby', '09:00AM', '12:00PM', 1, '0000-00-00', '2015-05-29 12:39:59'),
(167, 13, 5, '- facebook page created for Mglobally project, adding cover photo, optimizing fb page.', '12:00PM', '01:00PM', 1, '0000-00-00', '2015-05-29 12:41:30'),
(168, 13, 5, ' - twitter, google plus page for Mglobally', '02:00PM', '04:00PM', 1, '0000-00-00', '2015-05-29 12:42:16'),
(169, 13, 5, '- Email campaign updates', '04:00PM', '06:00PM', 1, '0000-00-00', '2015-05-29 12:42:50'),
(170, 7, 4, 'Link building for maverickinfosoft,\r\nBlog commenting\r\nSocial bookmarking\r\nsocial media promotion', '09:00AM', '03:00PM', 1, '0000-00-00', '2015-05-29 12:48:11'),
(171, 7, 4, 'Ramana Landing page , adwords campaign', '03:00PM', '04:00PM', 1, '0000-00-00', '2015-05-29 12:49:00'),
(172, 7, 4, 'Report preparation for client. Prepared reports on google adwords, twitter and facebook advertising', '04:00PM', '06:00PM', 1, '0000-00-00', '2015-05-29 12:50:08'),
(173, 6, 5, 'Written content for new pages to be added in Urwebby (3)', '09:00AM', '06:00PM', 1, '0000-00-00', '2015-05-29 13:09:21'),
(174, 10, 8, 'working on operation summary(3 hour)', '09:30AM', '12:30PM', 1, '0000-00-00', '2015-05-29 13:23:58'),
(175, 10, 15, 'worked on contact us form(half hour)', '12:30PM', '01:00PM', 1, '0000-00-00', '2015-05-29 13:24:50'),
(176, 10, 8, 'worked on operation summary(1 hour) worked on service charges\r\n(3 and half hour ) ', '02:00PM', '07:00PM', 1, '0000-00-00', '2015-05-29 13:27:22'),
(177, 5, 6, 'worked on design', '09:30AM', '10:30AM', 1, '0000-00-00', '2015-05-29 13:28:35'),
(178, 5, 1, 'worked on design', '10:30AM', '01:00PM', 1, '0000-00-00', '2015-05-29 13:29:43'),
(179, 5, 1, 'worked on design', '02:00PM', '07:00PM', 1, '0000-00-00', '2015-05-29 13:30:06'),
(180, 3, 1, 'Work on Builder Part.', '09:30AM', '08:30PM', 1, '0000-00-00', '2015-05-29 15:05:23'),
(181, 3, 1, 'Create template theme and dispalying ', '09:30AM', '08:00AM', 1, '0000-00-00', '2015-05-30 14:21:50'),
(182, 12, 4, 'insight international work on about us ,academic,activities  and 35 images resizing and uploading', '09:00AM', '10:30AM', 1, '0000-00-00', '2015-06-01 12:20:36'),
(183, 12, 12, 'created completely new contact us page and some changes as per client requirements ,font changes', '10:30AM', '12:30PM', 1, '0000-00-00', '2015-06-01 12:23:25'),
(184, 12, 4, 'gokul food & ice scream  website, i have created complete new website for gokul ', '12:30PM', '04:30PM', 1, '0000-00-00', '2015-06-01 12:26:50'),
(185, 9, 1, 'Print design for Legal Department\r\nCash Memo design for Kiran\r\nService Lelo Icon Design\r\nService Lelo Homepage design', '09:00AM', '06:30PM', 1, '0000-00-00', '2015-06-01 12:43:43'),
(186, 12, 9, 'supra diagnostics all SEO related issues,meta tag issues,link issues,page name issues and Some contents updations  ', '04:30PM', '06:30PM', 1, '0000-00-00', '2015-06-01 12:50:11'),
(187, 7, 4, 'Created Google form sent from sushma', '09:00AM', '11:00AM', 1, '0000-00-00', '2015-06-01 12:59:00'),
(188, 7, 5, 'Google adwords for urwebby and ramana enterprises', '11:00AM', '02:00PM', 1, '0000-00-00', '2015-06-01 12:59:39'),
(189, 7, 9, 'Meta tags, web page update, url fixing', '02:00PM', '06:30PM', 1, '0000-00-00', '2015-06-01 13:00:11'),
(190, 13, 5, 'offpage submissions of urwebby', '09:00AM', '01:00PM', 1, '0000-00-00', '2015-06-01 13:00:52'),
(191, 13, 5, 'email campaign design request sent to piyush', '02:00PM', '04:00PM', 1, '0000-00-00', '2015-06-01 13:04:04'),
(192, 13, 5, '- facebook advertising made live', '04:00PM', '06:00PM', 1, '0000-00-00', '2015-06-01 13:05:21'),
(193, 6, 5, 'Wrote 2 articles, Content for pages of Urwebby and Home Page Content for Supra.', '09:00AM', '06:30PM', 1, '0000-00-00', '2015-06-01 13:07:29'),
(194, 19, 17, 'Development with content upload.', '10:00AM', '01:30PM', 1, '0000-00-00', '2015-06-01 13:24:15'),
(195, 5, 1, 'worked on design', '09:30AM', '01:00PM', 1, '0000-00-00', '2015-06-01 13:24:19'),
(196, 5, 1, 'worked on design', '02:00PM', '07:00AM', 1, '0000-00-00', '2015-06-01 13:24:30'),
(197, 19, 16, 'Development with content upload. ', '02:00PM', '07:00PM', 1, '0000-00-00', '2015-06-01 13:24:54'),
(198, 21, 11, 'local machine setups and fulfilling the formalities for joining ', '12:00PM', '01:00PM', 1, '0000-00-00', '2015-06-01 13:55:21'),
(199, 21, 7, 'Understanding project requirements with team.', '01:00PM', '01:30PM', 1, '0000-00-00', '2015-06-01 13:56:20'),
(200, 21, 7, 'Understanding the project requirements for serveice lelo .', '02:30PM', '04:30PM', 1, '0000-00-00', '2015-06-01 13:57:29'),
(201, 8, 1, 'maglobal', '09:30AM', '09:00AM', 1, '0000-00-00', '2015-06-01 15:21:40'),
(202, 3, 1, 'Builder Part', '09:30AM', '09:00AM', 1, '0000-00-00', '2015-06-01 15:50:32'),
(203, 10, 8, 'Yesterday tasks- worked on service charges an invoice (4 and half hour ) \r\nworked on consolidated view of patient (3 and half hour ) ', '09:00AM', '06:30PM', 1, '0000-00-00', '2015-06-02 06:34:34'),
(204, 1, 1, '1. mGlobally2. Interview, 3. Support Team', '09:30AM', '01:30PM', 1, '0000-00-00', '2015-05-26 12:07:33'),
(205, 1, 1, '1. mGlobally, 2. Interview, 3. Support Team', '02:00PM', '08:30PM', 1, '0000-00-00', '2015-05-26 12:07:33'),
(206, 9, 4, 'Service Lelo form step1 screen\r\nservice lelo form step 2 screen\r\nservice lelo form step 3 screen\r\nservice lelo after submission screen\r\nservice lelo homepage redesigned\r\nslice image for dog website\r\ncash memo bangalore\r\ncash memo mumbai\r\ncash memo clip print files', '09:00AM', '06:30PM', 1, '0000-00-00', '2015-06-02 12:41:11'),
(207, 6, 4, 'Written two articles.', '09:30AM', '02:30PM', 1, '0000-00-00', '2015-06-02 12:42:18'),
(208, 6, 5, 'Written article and researched for social media and blog.', '02:30PM', '06:00PM', 1, '0000-00-00', '2015-06-02 12:42:58'),
(209, 12, 4, 'rimjhim website contact us page and some alignment issues', '09:00AM', '10:30AM', 1, '0000-00-00', '2015-06-02 12:50:15'),
(210, 12, 12, 'i have completed all task which is assigned to me', '10:30AM', '12:30PM', 1, '0000-00-00', '2015-06-02 12:51:46'),
(211, 13, 5, 'competitor analysis; backlink building sites list and submissions', '09:00AM', '12:00PM', 1, '0000-00-00', '2015-06-02 12:52:20'),
(212, 13, 5, 'facebook advertising monitoring and conversion tracking', '12:00PM', '01:00PM', 1, '0000-00-00', '2015-06-02 12:52:51'),
(213, 12, 4, 'CA website some alignment issues and  some content changes', '12:30PM', '02:30PM', 1, '0000-00-00', '2015-06-02 12:53:02'),
(214, 7, 9, 'Fixed 301 permanent URL redirection ', '09:00AM', '10:00AM', 1, '0000-00-00', '2015-06-02 12:53:25'),
(215, 12, 4, 'church website', '03:00PM', '04:30PM', 1, '0000-00-00', '2015-06-02 12:53:37'),
(216, 7, 11, 'Review meeting', '10:00AM', '10:30AM', 1, '0000-00-00', '2015-06-02 12:53:42'),
(217, 13, 5, 'facebook advertising monitoring; optimization of landing page', '02:00PM', '04:00PM', 1, '0000-00-00', '2015-06-02 12:53:44'),
(218, 13, 5, 'Mglobally project - worked on the content updates on the website; discussed with shivali', '04:00PM', '05:00PM', 1, '0000-00-00', '2015-06-02 12:54:30'),
(219, 7, 9, 'Google Analytics , robots.txt , sitemap.xml file upload and verification. \r\nGoogle webmaster integration', '10:30AM', '02:00PM', 1, '0000-00-00', '2015-06-02 12:54:41'),
(220, 12, 4, 'dog website complete 5 page website i have complated ', '04:30PM', '06:30PM', 1, '0000-00-00', '2015-06-02 12:54:48'),
(221, 7, 9, 'Profile creation and optimization on Social media sites and web 2.0 sites\r\nFacebook, Twitter, Tumblr, Wordpress etc.', '02:00PM', '04:00PM', 1, '0000-00-00', '2015-06-02 12:55:31'),
(222, 7, 4, 'Web 2.0 Submission', '04:00PM', '05:00PM', 1, '0000-00-00', '2015-06-02 12:56:10'),
(223, 13, 5, '- Have sent blog content topic to shivali for content creation\r\n- uploaded the content topic on urwebby blog section', '05:00PM', '06:00PM', 1, '0000-00-00', '2015-06-02 12:56:10'),
(224, 7, 4, 'Prepared SEO Questions and shared to Subhakanta', '05:00PM', '06:00PM', 1, '0000-00-00', '2015-06-02 12:56:51'),
(225, 19, 20, 'Development with content upload', '09:30AM', '02:30PM', 1, '0000-00-00', '2015-06-02 13:06:26'),
(226, 19, 21, 'changes', '02:30PM', '04:00PM', 1, '0000-00-00', '2015-06-02 13:07:09'),
(227, 19, 22, 'started with development', '04:00PM', '06:30PM', 1, '0000-00-00', '2015-06-02 13:07:41'),
(228, 20, 18, 'Development with content upload.', '09:00AM', '12:30PM', 1, '0000-00-00', '2015-06-02 13:12:19'),
(229, 20, 1, 'Unit and Functional testing.', '01:00PM', '07:00AM', 1, '0000-00-00', '2015-06-02 13:13:33'),
(230, 20, 1, 'Unit and Functional Testing', '01:00PM', '07:00PM', 1, '0000-00-00', '2015-06-02 13:14:30'),
(231, 10, 8, 'working on invoice edit functionality -(4 hours) Discussing and analysing flow of dynamic making of operation, creating issue with bill item id-(4 hours)', '09:30AM', '07:30AM', 1, '0000-00-00', '2015-06-02 13:46:46'),
(232, 18, 11, 'HRM meeting', '10:00AM', '10:30AM', 1, '0000-00-00', '2015-06-02 13:47:34'),
(233, 1, 1, '1. mGlobally, 2. Interview, 3. Support Team', '09:30AM', '01:30PM', 1, '0000-00-00', '2015-05-25 14:17:32'),
(234, 1, 1, '1. mGlobally, 2. Interview, 3. Support Team', '02:00PM', '08:30PM', 1, '0000-00-00', '2015-05-25 16:07:33'),
(235, 1, 1, '1. mGlobally,2. Support Team', '10:00AM', '02:00PM', 1, '0000-00-00', '2015-05-24 14:07:33'),
(236, 1, 1, '1. mGlobally,2. Support Team', '02:30PM', '09:00PM', 1, '0000-00-00', '2015-05-24 14:07:33'),
(237, 5, 1, 'worked on design', '09:30AM', '10:30AM', 1, '0000-00-00', '2015-06-02 14:22:33'),
(238, 5, 11, 'meeting', '10:30AM', '11:00AM', 1, '0000-00-00', '2015-06-02 14:23:09'),
(239, 5, 1, 'worked on design', '11:00AM', '01:00PM', 1, '0000-00-00', '2015-06-02 14:23:22'),
(240, 5, 1, 'worked on design', '02:30PM', '08:00PM', 1, '0000-00-00', '2015-06-02 14:24:38'),
(241, 21, 6, 'UI fixes update : Slider integration', '10:00AM', '01:00PM', 1, '0000-00-00', '2015-06-02 14:46:18'),
(242, 21, 27, 'Content Update', '05:00PM', '08:30AM', 1, '0000-00-00', '2015-06-02 14:47:03'),
(243, 8, 1, 'mglobal', '09:30AM', '09:00AM', 1, '0000-00-00', '2015-06-02 15:20:18'),
(244, 1, 1, 'mGlobally Development Support, Service Lelo and Other small project. Development team support', '09:30AM', '02:00PM', 1, '0000-00-00', '2015-06-02 16:11:41'),
(245, 1, 1, 'mGlobally Development Support, Service Lelo and Other small project. Development team support', '02:30PM', '10:00PM', 1, '0000-00-00', '2015-06-02 16:12:07');

-- --------------------------------------------------------

--
-- Table structure for table `user`
--

CREATE TABLE IF NOT EXISTS `user` (
  `id` int(11) NOT NULL AUTO_INCREMENT,
  `full_name` varchar(50) NOT NULL,
  `email` varchar(100) NOT NULL,
  `password` varchar(100) NOT NULL,
  `emp_no` int(11) NOT NULL,
  `address` varchar(255) NOT NULL,
  `phone` varchar(15) NOT NULL,
  `created_at` date NOT NULL,
  `updated_at` timestamp NOT NULL DEFAULT CURRENT_TIMESTAMP ON UPDATE CURRENT_TIMESTAMP,
  `status` tinyint(4) NOT NULL DEFAULT '1',
  `role_id` tinyint(4) NOT NULL DEFAULT '1' COMMENT '1:User,2:Admin',
  PRIMARY KEY (`id`)
) ENGINE=InnoDB  DEFAULT CHARSET=latin1 AUTO_INCREMENT=22 ;

--
-- Dumping data for table `user`
--

INSERT INTO `user` (`id`, `full_name`, `email`, `password`, `emp_no`, `address`, `phone`, `created_at`, `updated_at`, `status`, `role_id`) VALUES
(1, 'Ram Hemareddy', 'ramanna.hemareddy@maverickinfosoft.com', '734379e382de4feb0dce07cb1061ef48', 72, 'Bangalore', '2147483647', '2015-05-12', '2015-05-21 09:23:36', 1, 1),
(2, 'Balaji', 'balaji.s@maverickinfosoft.com', 'e5ba8131959decc6f0f2695ebc8e6569', 34, 'Bangalore', '24234234', '2015-05-13', '2015-05-21 09:33:20', 1, 1),
(3, 'Surya Asati', 'surya.asati@maverickinfosoft.com', '83ad4783612ce20e6f5185db1958d8aa', 59, 'sfdsafsd', '525223525', '2015-05-13', '2015-05-20 10:12:53', 1, 1),
(4, 'Bindu', 'bindu.b@maverickinfosoft.com', 'cfa1e9ba6cd0e0077ba6c7627cc214b7', 74, 'sdafsdfsa', '2234234', '2015-05-13', '2015-05-20 10:12:53', 1, 1),
(5, 'Sandeep Kumar', 'sandeep.kumar@maverickinfosoft.com', '0fbdf2180c5d39cfc98a5d36bccb24ea', 82, 'dsafsdf', '5252352523', '2015-05-13', '2015-05-20 10:12:53', 1, 1),
(6, 'Shivali', 'shivali.sharma@maverickinfosoft.com', '9b27073b6e5d1ab725bf173b196897e5', 60, 'Bangalore', '4567890', '2015-05-13', '2015-05-20 10:12:53', 1, 1),
(7, 'Narendra', 'narendra.kumar@maverickinfosoft.com', '4059916945126976e1aaea079121c689', 13, 'Bangalore', '34567890', '2015-05-13', '2015-05-20 10:12:53', 1, 1),
(8, 'Nidhi S', 'nidhi.sati@maverickinfosoft.com', '51ce4f28183debe799e0634e04871a2b', 14, 'Bangalore', '9742023299', '2015-05-20', '2015-05-21 13:21:30', 1, 1),
(9, 'Piyush', 'piyush.pandya@maverickinfosoft.com', '21cc94e542990e8d746a2db015c9d52d', 22, 'Bangalore', '1234567890', '2015-05-20', '2015-05-20 10:10:55', 1, 1),
(10, 'Lakshmi Roop', 'lakshmi.roopa@maverickinfosoft.com', 'c3f08b2d5a52ae4712a62570e68352d1', 62, 'Bangalore', '1234567890', '2015-05-20', '2015-05-20 10:10:55', 1, 1),
(11, 'Admin', 'admin@maverickinfosoft.com', '7ee1f5d25a7e2327fe7ea62bc95fa94b', 12345, 'Bangalore', '12345790', '2015-05-21', '2015-05-21 09:42:37', 1, 2),
(12, 'Sumeet G', 'sgargatte@maverickinfosoft.com', 'bcf8d2f9ceaa51ad8579cd39ec78ec5e', 4, 'Bangalore', '8884647049', '2015-05-21', '2015-05-21 12:52:55', 1, 1),
(13, 'Pinto', 'pinto.samuel@maverickinfosoft.com', '99fb89434dbe36b6432bf7ba0b229b3f', 9, 'Bangalore', '8147252088', '2015-05-21', '2015-05-21 12:52:55', 1, 1),
(14, 'Swathi RL', 'swathi.rl@maverickinfosoft.com', '70184c4a0ef819d244df65e6498c1720', 32, 'Bangalore', '7760421373', '2015-05-23', '2015-05-23 13:47:12', 1, 1),
(15, 'Neha Srivastava', 'neha.srivastava@maverickinfosoft.com', '4a717e57de454e6e51f0a71af4114605', 57, 'Bangalore', '9738051822', '2015-05-23', '2015-05-23 13:47:12', 1, 1),
(16, 'Apoorva Shetty', 'apoorva.shetty@maverickinfosoft.com', 'bc20e3d1b6796082bde7941401ff0583', 47, 'Bangalore', '9535623241', '2015-05-23', '2015-05-23 13:49:45', 1, 1),
(17, 'Anushree MA', 'anushree.ma@maverickinfosoft.com', '6ebfa21848acf7f4feeb8d52f3ad7bde', 40, 'Bangalore', '8277768525', '2015-05-23', '2015-05-23 13:49:20', 1, 1),
(18, 'Sandeep Babu', 'sandeep.babu@maverickinfosoft.com', '6331790c723da7f0fd0b5d419fb21efc', 83, 'Mathikare', '9986780767', '2015-05-27', '2015-05-27 13:41:47', 1, 1),
(19, 'Swetha. PG', 'swetha.pg@maverickinfosoft.com', '325b3bbc7d4887d739d579259b1014f9', 84, 'Bangalore', '9886470075', '2015-05-27', '2015-05-27 13:59:59', 1, 1),
(20, 'Sadananda Kenganal', 'sadananda.kenganal@maverickinfosoft.com', 'beaa1ca2af8e1df55fba837a28da11b0', 85, 'Bangalore', '8095548004', '2015-05-27', '2015-05-27 13:59:24', 1, 1),
(21, 'Sahil Gupta', 'sahil.gupta@maverickinfosoft.com', 'e0bb17fa32e882d8c3670555f9abfa83', 86, 'Bangalore', '9620313792', '2015-06-01', '2015-06-01 13:52:36', 1, 1);

-- --------------------------------------------------------

--
-- Table structure for table `user_has_project`
--

CREATE TABLE IF NOT EXISTS `user_has_project` (
  `id` int(11) NOT NULL AUTO_INCREMENT,
  `user_id` int(11) NOT NULL,
  `project_id` int(11) NOT NULL,
  `created_at` date NOT NULL,
  `updated_at` timestamp NOT NULL DEFAULT CURRENT_TIMESTAMP ON UPDATE CURRENT_TIMESTAMP,
  PRIMARY KEY (`id`),
  KEY `user_id` (`user_id`,`project_id`),
  KEY `project_id` (`project_id`)
) ENGINE=InnoDB DEFAULT CHARSET=latin1 AUTO_INCREMENT=1 ;

-- --------------------------------------------------------

--
-- Table structure for table `user_has_track_record`
--

CREATE TABLE IF NOT EXISTS `user_has_track_record` (
  `id` int(11) NOT NULL AUTO_INCREMENT,
  `user_id` int(11) NOT NULL,
  `track_record_id` int(11) NOT NULL,
  `status` tinyint(4) NOT NULL DEFAULT '1',
  `created_at` date NOT NULL,
  `updated_at` timestamp NOT NULL DEFAULT CURRENT_TIMESTAMP ON UPDATE CURRENT_TIMESTAMP,
  PRIMARY KEY (`id`),
  KEY `user_id` (`user_id`,`track_record_id`),
  KEY `track_record_id` (`track_record_id`)
) ENGINE=InnoDB  DEFAULT CHARSET=latin1 AUTO_INCREMENT=245 ;

--
-- Dumping data for table `user_has_track_record`
--

INSERT INTO `user_has_track_record` (`id`, `user_id`, `track_record_id`, `status`, `created_at`, `updated_at`) VALUES
(15, 2, 16, 1, '2015-05-21', '2015-05-21 09:38:45'),
(16, 1, 17, 1, '2015-05-21', '2015-05-21 09:53:18'),
(17, 6, 18, 1, '2015-05-21', '2015-05-21 12:27:25'),
(18, 6, 19, 1, '2015-05-21', '2015-05-21 12:27:45'),
(19, 4, 20, 1, '2015-05-21', '2015-05-21 12:27:59'),
(20, 9, 21, 1, '2015-05-21', '2015-05-21 12:29:01'),
(21, 6, 22, 1, '2015-05-21', '2015-05-21 12:29:01'),
(22, 4, 23, 1, '2015-05-21', '2015-05-21 12:29:11'),
(23, 6, 24, 1, '2015-05-21', '2015-05-21 12:29:36'),
(24, 9, 25, 1, '2015-05-21', '2015-05-21 12:30:14'),
(25, 4, 26, 1, '2015-05-21', '2015-05-21 12:30:16'),
(26, 5, 27, 1, '2015-05-21', '2015-05-21 12:30:22'),
(27, 4, 28, 1, '2015-05-21', '2015-05-21 12:31:05'),
(28, 5, 29, 1, '2015-05-21', '2015-05-21 12:31:17'),
(29, 4, 30, 1, '2015-05-21', '2015-05-21 12:32:23'),
(30, 4, 31, 1, '2015-05-21', '2015-05-21 12:32:42'),
(31, 4, 32, 1, '2015-05-21', '2015-05-21 12:33:13'),
(32, 5, 33, 1, '2015-05-21', '2015-05-21 12:33:27'),
(33, 4, 34, 1, '2015-05-21', '2015-05-21 12:33:33'),
(34, 10, 35, 1, '2015-05-21', '2015-05-21 12:49:42'),
(35, 7, 36, 1, '2015-05-21', '2015-05-21 12:51:41'),
(36, 7, 37, 1, '2015-05-21', '2015-05-21 12:53:01'),
(37, 7, 38, 1, '2015-05-21', '2015-05-21 12:53:41'),
(38, 13, 39, 1, '2015-05-21', '2015-05-21 12:54:35'),
(39, 13, 40, 1, '2015-05-21', '2015-05-21 12:54:52'),
(40, 7, 41, 1, '2015-05-21', '2015-05-21 12:55:52'),
(41, 13, 42, 1, '2015-05-21', '2015-05-21 12:55:55'),
(42, 13, 43, 1, '2015-05-21', '2015-05-21 12:56:40'),
(43, 5, 44, 1, '2015-05-21', '2015-05-21 12:56:48'),
(44, 10, 45, 1, '2015-05-21', '2015-05-21 12:58:29'),
(45, 12, 46, 1, '2015-05-21', '2015-05-21 13:01:41'),
(46, 8, 47, 1, '2015-05-21', '2015-05-21 13:22:26'),
(47, 13, 48, 1, '2015-05-21', '2015-05-21 13:37:24'),
(48, 4, 49, 1, '2015-05-22', '2015-05-22 09:06:35'),
(49, 4, 50, 1, '2015-05-22', '2015-05-22 09:06:59'),
(50, 4, 51, 1, '2015-05-22', '2015-05-22 09:07:28'),
(51, 6, 52, 1, '2015-05-22', '2015-05-22 12:44:16'),
(52, 5, 53, 1, '2015-05-22', '2015-05-22 12:51:10'),
(53, 5, 54, 1, '2015-05-22', '2015-05-22 12:52:07'),
(54, 5, 55, 1, '2015-05-22', '2015-05-22 12:53:28'),
(55, 9, 56, 1, '2015-05-22', '2015-05-22 12:53:51'),
(56, 13, 57, 1, '2015-05-22', '2015-05-22 12:54:08'),
(57, 13, 58, 1, '2015-05-22', '2015-05-22 12:54:50'),
(58, 7, 59, 1, '2015-05-22', '2015-05-22 12:55:21'),
(59, 7, 60, 1, '2015-05-22', '2015-05-22 12:56:00'),
(60, 7, 61, 1, '2015-05-22', '2015-05-22 12:56:44'),
(61, 13, 62, 1, '2015-05-22', '2015-05-22 12:57:11'),
(62, 8, 63, 1, '2015-05-22', '2015-05-22 14:44:05'),
(63, 1, 64, 1, '2015-05-21', '2015-05-20 18:30:00'),
(64, 1, 65, 1, '2015-05-21', '2015-05-20 18:30:00'),
(65, 1, 66, 1, '2015-05-22', '2015-05-21 18:30:00'),
(66, 1, 67, 1, '2015-05-22', '2015-05-20 18:30:00'),
(67, 1, 68, 1, '2015-05-23', '2015-05-23 13:09:49'),
(68, 1, 69, 1, '2015-05-23', '2015-05-23 13:12:07'),
(69, 3, 70, 1, '2015-05-23', '2015-05-23 13:51:40'),
(70, 4, 71, 1, '2015-05-25', '2015-05-25 12:18:49'),
(71, 4, 72, 1, '2015-05-25', '2015-05-25 12:19:46'),
(72, 4, 73, 1, '2015-05-25', '2015-05-25 12:20:21'),
(73, 4, 74, 1, '2015-05-25', '2015-05-25 12:21:17'),
(74, 4, 75, 1, '2015-05-25', '2015-05-25 12:21:39'),
(75, 9, 76, 1, '2015-05-25', '2015-05-25 12:30:46'),
(76, 13, 77, 1, '2015-05-25', '2015-05-25 12:38:45'),
(77, 13, 78, 1, '2015-05-25', '2015-05-25 12:39:46'),
(78, 13, 79, 1, '2015-05-25', '2015-05-25 12:40:16'),
(79, 13, 80, 1, '2015-05-25', '2015-05-25 12:41:27'),
(80, 13, 81, 1, '2015-05-25', '2015-05-25 12:42:37'),
(81, 13, 82, 1, '2015-05-25', '2015-05-25 12:44:02'),
(82, 5, 83, 1, '2015-05-25', '2015-05-25 12:52:20'),
(83, 5, 84, 1, '2015-05-25', '2015-05-25 12:52:51'),
(84, 5, 85, 1, '2015-05-25', '2015-05-25 12:57:11'),
(85, 5, 86, 1, '2015-05-25', '2015-05-25 12:57:52'),
(86, 5, 87, 1, '2015-05-25', '2015-05-25 12:58:22'),
(87, 5, 88, 1, '2015-05-25', '2015-05-25 12:59:01'),
(88, 7, 89, 1, '2015-05-25', '2015-05-25 13:00:26'),
(89, 7, 90, 1, '2015-05-25', '2015-05-25 13:00:43'),
(90, 7, 91, 1, '2015-05-25', '2015-05-25 13:01:26'),
(91, 7, 92, 1, '2015-05-25', '2015-05-25 13:01:54'),
(92, 7, 93, 1, '2015-05-25', '2015-05-25 13:02:40'),
(93, 10, 94, 1, '2015-05-25', '2015-05-25 13:54:02'),
(94, 8, 95, 1, '2015-05-25', '2015-05-25 15:08:18'),
(95, 3, 96, 1, '2015-05-25', '2015-05-25 15:25:16'),
(96, 3, 97, 1, '2015-05-25', '2015-05-25 15:26:27'),
(97, 4, 98, 1, '2015-05-26', '2015-05-26 12:30:45'),
(98, 4, 99, 1, '2015-05-26', '2015-05-26 12:31:16'),
(99, 4, 100, 1, '2015-05-26', '2015-05-26 12:31:43'),
(100, 4, 101, 1, '2015-05-26', '2015-05-26 12:32:05'),
(101, 4, 102, 1, '2015-05-26', '2015-05-26 12:32:27'),
(102, 4, 103, 1, '2015-05-26', '2015-05-26 12:33:09'),
(103, 4, 104, 1, '2015-05-26', '2015-05-26 12:40:32'),
(104, 9, 105, 1, '2015-05-26', '2015-05-26 12:41:50'),
(105, 6, 106, 1, '2015-05-26', '2015-05-26 12:46:02'),
(106, 6, 107, 1, '2015-05-26', '2015-05-26 12:46:33'),
(107, 6, 108, 1, '2015-05-26', '2015-05-26 12:46:57'),
(108, 6, 109, 1, '2015-05-26', '2015-05-26 12:47:38'),
(109, 13, 110, 1, '2015-05-26', '2015-05-26 12:56:38'),
(110, 13, 111, 1, '2015-05-26', '2015-05-26 12:57:24'),
(111, 13, 112, 1, '2015-05-26', '2015-05-26 12:58:43'),
(112, 7, 113, 1, '2015-05-26', '2015-05-26 13:00:33'),
(113, 7, 114, 1, '2015-05-26', '2015-05-26 13:00:50'),
(114, 7, 115, 1, '2015-05-26', '2015-05-26 13:01:12'),
(115, 7, 116, 1, '2015-05-26', '2015-05-26 13:01:38'),
(116, 10, 117, 1, '2015-05-26', '2015-05-26 13:01:55'),
(117, 5, 118, 1, '2015-05-26', '2015-05-26 14:29:46'),
(118, 5, 119, 1, '2015-05-26', '2015-05-26 14:30:20'),
(119, 5, 120, 1, '2015-05-26', '2015-05-26 14:30:50'),
(120, 5, 121, 1, '2015-05-26', '2015-05-26 14:31:10'),
(121, 8, 122, 1, '2015-05-26', '2015-05-26 15:03:21'),
(122, 9, 123, 1, '2015-05-27', '2015-05-27 12:32:46'),
(123, 4, 124, 1, '2015-05-27', '2015-05-27 12:35:40'),
(124, 4, 125, 1, '2015-05-27', '2015-05-27 12:36:20'),
(125, 4, 126, 1, '2015-05-27', '2015-05-27 12:37:20'),
(126, 4, 127, 1, '2015-05-27', '2015-05-27 12:37:44'),
(127, 4, 128, 1, '2015-05-27', '2015-05-27 12:37:58'),
(128, 4, 129, 1, '2015-05-27', '2015-05-27 12:39:58'),
(129, 6, 130, 1, '2015-05-27', '2015-05-27 12:40:42'),
(130, 5, 131, 1, '2015-05-27', '2015-05-27 12:57:55'),
(131, 5, 132, 1, '2015-05-27', '2015-05-27 13:11:41'),
(132, 10, 133, 1, '2015-05-27', '2015-05-27 13:23:11'),
(133, 10, 134, 1, '2015-05-27', '2015-05-27 13:23:36'),
(134, 10, 135, 1, '2015-05-27', '2015-05-27 13:24:42'),
(135, 10, 136, 1, '2015-05-27', '2015-05-27 13:25:41'),
(136, 18, 137, 1, '2015-05-27', '2015-05-27 13:44:06'),
(137, 7, 138, 1, '2015-05-27', '2015-05-27 13:45:36'),
(138, 13, 139, 1, '2015-05-27', '2015-05-27 13:45:46'),
(139, 13, 140, 1, '2015-05-27', '2015-05-27 13:46:05'),
(140, 7, 141, 1, '2015-05-27', '2015-05-27 13:46:19'),
(141, 13, 142, 1, '2015-05-27', '2015-05-27 13:46:38'),
(142, 7, 143, 1, '2015-05-27', '2015-05-27 13:47:00'),
(143, 7, 144, 1, '2015-05-27', '2015-05-27 13:47:21'),
(144, 8, 145, 1, '2015-05-27', '2015-05-27 15:05:15'),
(145, 13, 146, 1, '2015-05-28', '2015-05-28 11:46:39'),
(146, 13, 147, 1, '2015-05-28', '2015-05-28 11:47:12'),
(147, 13, 148, 1, '2015-05-28', '2015-05-28 11:47:46'),
(148, 13, 149, 1, '2015-05-28', '2015-05-28 11:48:52'),
(149, 4, 150, 1, '2015-05-28', '2015-05-28 12:26:41'),
(150, 4, 151, 1, '2015-05-28', '2015-05-28 12:26:55'),
(151, 4, 152, 1, '2015-05-28', '2015-05-28 12:27:19'),
(152, 4, 153, 1, '2015-05-28', '2015-05-28 12:27:42'),
(153, 4, 154, 1, '2015-05-28', '2015-05-28 12:27:54'),
(154, 4, 155, 1, '2015-05-28', '2015-05-28 12:28:19'),
(155, 4, 156, 1, '2015-05-28', '2015-05-28 12:28:47'),
(156, 6, 157, 1, '2015-05-28', '2015-05-28 12:34:13'),
(157, 4, 158, 1, '2015-05-28', '2015-05-28 12:37:12'),
(158, 9, 159, 1, '2015-05-28', '2015-05-28 12:39:19'),
(159, 5, 160, 1, '2015-05-28', '2015-05-28 13:10:36'),
(160, 10, 161, 1, '2015-05-28', '2015-05-28 13:13:11'),
(161, 7, 162, 1, '2015-05-28', '2015-05-28 15:59:31'),
(162, 7, 163, 1, '2015-05-28', '2015-05-28 16:00:17'),
(163, 7, 164, 1, '2015-05-28', '2015-05-28 16:00:49'),
(164, 9, 165, 1, '2015-05-29', '2015-05-29 12:36:41'),
(165, 13, 166, 1, '2015-05-29', '2015-05-29 12:39:59'),
(166, 13, 167, 1, '2015-05-29', '2015-05-29 12:41:31'),
(167, 13, 168, 1, '2015-05-29', '2015-05-29 12:42:16'),
(168, 13, 169, 1, '2015-05-29', '2015-05-29 12:42:50'),
(169, 7, 170, 1, '2015-05-29', '2015-05-29 12:48:11'),
(170, 7, 171, 1, '2015-05-29', '2015-05-29 12:49:00'),
(171, 7, 172, 1, '2015-05-29', '2015-05-29 12:50:08'),
(172, 6, 173, 1, '2015-05-29', '2015-05-29 13:09:21'),
(173, 10, 174, 1, '2015-05-29', '2015-05-29 13:23:58'),
(174, 10, 175, 1, '2015-05-29', '2015-05-29 13:24:50'),
(175, 10, 176, 1, '2015-05-29', '2015-05-29 13:27:22'),
(176, 5, 177, 1, '2015-05-29', '2015-05-29 13:28:35'),
(177, 5, 178, 1, '2015-05-29', '2015-05-29 13:29:43'),
(178, 5, 179, 1, '2015-05-29', '2015-05-29 13:30:06'),
(179, 3, 180, 1, '2015-05-29', '2015-05-29 15:05:23'),
(180, 3, 181, 1, '2015-05-30', '2015-05-30 14:21:51'),
(181, 12, 182, 1, '2015-06-01', '2015-06-01 12:20:36'),
(182, 12, 183, 1, '2015-06-01', '2015-06-01 12:23:25'),
(183, 12, 184, 1, '2015-06-01', '2015-06-01 12:26:50'),
(184, 9, 185, 1, '2015-06-01', '2015-06-01 12:43:43'),
(185, 12, 186, 1, '2015-06-01', '2015-06-01 12:50:11'),
(186, 7, 187, 1, '2015-06-01', '2015-06-01 12:59:00'),
(187, 7, 188, 1, '2015-06-01', '2015-06-01 12:59:39'),
(188, 7, 189, 1, '2015-06-01', '2015-06-01 13:00:11'),
(189, 13, 190, 1, '2015-06-01', '2015-06-01 13:00:53'),
(190, 13, 191, 1, '2015-06-01', '2015-06-01 13:04:04'),
(191, 13, 192, 1, '2015-06-01', '2015-06-01 13:05:21'),
(192, 6, 193, 1, '2015-06-01', '2015-06-01 13:07:29'),
(193, 19, 194, 1, '2015-06-01', '2015-06-01 13:24:15'),
(194, 5, 195, 1, '2015-06-01', '2015-06-01 13:24:19'),
(195, 5, 196, 1, '2015-06-01', '2015-06-01 13:24:30'),
(196, 19, 197, 1, '2015-06-01', '2015-06-01 13:24:54'),
(197, 21, 198, 1, '2015-06-01', '2015-06-01 13:55:21'),
(198, 21, 199, 1, '2015-06-01', '2015-06-01 13:56:20'),
(199, 21, 200, 1, '2015-06-01', '2015-06-01 13:57:29'),
(200, 8, 201, 1, '2015-06-01', '2015-06-01 15:21:40'),
(201, 3, 202, 1, '2015-06-01', '2015-06-01 15:50:32'),
(202, 10, 203, 1, '2015-06-02', '2015-06-02 06:34:34'),
(203, 1, 204, 1, '2015-06-02', '2015-06-02 10:02:23'),
(204, 1, 205, 1, '2015-06-02', '2015-06-02 10:02:48'),
(205, 9, 206, 1, '2015-06-02', '2015-06-02 12:41:11'),
(206, 6, 207, 1, '2015-06-02', '2015-06-02 12:42:18'),
(207, 6, 208, 1, '2015-06-02', '2015-06-02 12:42:58'),
(208, 12, 209, 1, '2015-06-02', '2015-06-02 12:50:15'),
(209, 12, 210, 1, '2015-06-02', '2015-06-02 12:51:46'),
(210, 13, 211, 1, '2015-06-02', '2015-06-02 12:52:20'),
(211, 13, 212, 1, '2015-06-02', '2015-06-02 12:52:51'),
(212, 12, 213, 1, '2015-06-02', '2015-06-02 12:53:02'),
(213, 7, 214, 1, '2015-06-02', '2015-06-02 12:53:25'),
(214, 12, 215, 1, '2015-06-02', '2015-06-02 12:53:37'),
(215, 7, 216, 1, '2015-06-02', '2015-06-02 12:53:42'),
(216, 13, 217, 1, '2015-06-02', '2015-06-02 12:53:44'),
(217, 13, 218, 1, '2015-06-02', '2015-06-02 12:54:30'),
(218, 7, 219, 1, '2015-06-02', '2015-06-02 12:54:41'),
(219, 12, 220, 1, '2015-06-02', '2015-06-02 12:54:48'),
(220, 7, 221, 1, '2015-06-02', '2015-06-02 12:55:31'),
(221, 7, 222, 1, '2015-06-02', '2015-06-02 12:56:10'),
(222, 13, 223, 1, '2015-06-02', '2015-06-02 12:56:10'),
(223, 7, 224, 1, '2015-06-02', '2015-06-02 12:56:51'),
(224, 19, 225, 1, '2015-06-02', '2015-06-02 13:06:26'),
(225, 19, 226, 1, '2015-06-02', '2015-06-02 13:07:09'),
(226, 19, 227, 1, '2015-06-02', '2015-06-02 13:07:41'),
(227, 20, 228, 1, '2015-06-02', '2015-06-02 13:12:19'),
(228, 20, 229, 1, '2015-06-02', '2015-06-02 13:13:33'),
(229, 20, 230, 1, '2015-06-02', '2015-06-02 13:14:30'),
(230, 10, 231, 1, '2015-06-02', '2015-06-02 13:46:46'),
(231, 18, 232, 1, '2015-06-02', '2015-06-02 13:47:34'),
(232, 1, 233, 1, '2015-06-02', '2015-06-02 14:06:28'),
(233, 1, 234, 1, '2015-06-02', '2015-06-02 14:06:46'),
(234, 1, 235, 1, '2015-06-02', '2015-06-02 14:07:19'),
(235, 1, 236, 1, '2015-06-02', '2015-06-02 14:07:33'),
(236, 5, 237, 1, '2015-06-02', '2015-06-02 14:22:33'),
(237, 5, 238, 1, '2015-06-02', '2015-06-02 14:23:09'),
(238, 5, 239, 1, '2015-06-02', '2015-06-02 14:23:22'),
(239, 5, 240, 1, '2015-06-02', '2015-06-02 14:24:38'),
(240, 21, 241, 1, '2015-06-02', '2015-06-02 14:46:18'),
(241, 21, 242, 1, '2015-06-02', '2015-06-02 14:47:03'),
(242, 8, 243, 1, '2015-06-02', '2015-06-02 15:20:18'),
(243, 1, 244, 1, '2015-06-02', '2015-06-02 16:11:41'),
(244, 1, 245, 1, '2015-06-02', '2015-06-02 16:12:07');

--
-- Constraints for dumped tables
--

--
-- Constraints for table `bug_report`
--
ALTER TABLE `bug_report`
  ADD CONSTRAINT `bug_report_ibfk_3` FOREIGN KEY (`updated_by`) REFERENCES `user` (`id`) ON DELETE CASCADE ON UPDATE CASCADE,
  ADD CONSTRAINT `bug_report_ibfk_1` FOREIGN KEY (`project_id`) REFERENCES `project` (`id`) ON DELETE CASCADE ON UPDATE CASCADE,
  ADD CONSTRAINT `bug_report_ibfk_2` FOREIGN KEY (`user_id`) REFERENCES `user` (`id`) ON DELETE CASCADE ON UPDATE CASCADE;

--
-- Constraints for table `project`
--
ALTER TABLE `project`
  ADD CONSTRAINT `project_ibfk_1` FOREIGN KEY (`sales_user_id`) REFERENCES `user` (`id`) ON DELETE CASCADE ON UPDATE CASCADE;

--
-- Constraints for table `track_record`
--
ALTER TABLE `track_record`
  ADD CONSTRAINT `track_record_ibfk_1` FOREIGN KEY (`user_id`) REFERENCES `user` (`id`) ON DELETE CASCADE ON UPDATE CASCADE,
  ADD CONSTRAINT `track_record_ibfk_2` FOREIGN KEY (`project_id`) REFERENCES `project` (`id`) ON DELETE CASCADE ON UPDATE CASCADE;

--
-- Constraints for table `user_has_project`
--
ALTER TABLE `user_has_project`
  ADD CONSTRAINT `user_has_project_ibfk_1` FOREIGN KEY (`user_id`) REFERENCES `user` (`id`) ON DELETE CASCADE ON UPDATE CASCADE,
  ADD CONSTRAINT `user_has_project_ibfk_2` FOREIGN KEY (`project_id`) REFERENCES `project` (`id`) ON DELETE CASCADE ON UPDATE CASCADE;

--
-- Constraints for table `user_has_track_record`
--
ALTER TABLE `user_has_track_record`
  ADD CONSTRAINT `user_has_track_record_ibfk_1` FOREIGN KEY (`user_id`) REFERENCES `user` (`id`) ON DELETE CASCADE ON UPDATE CASCADE,
  ADD CONSTRAINT `user_has_track_record_ibfk_2` FOREIGN KEY (`track_record_id`) REFERENCES `track_record` (`id`) ON DELETE CASCADE ON UPDATE CASCADE;

/*!40101 SET CHARACTER_SET_CLIENT=@OLD_CHARACTER_SET_CLIENT */;
/*!40101 SET CHARACTER_SET_RESULTS=@OLD_CHARACTER_SET_RESULTS */;
/*!40101 SET COLLATION_CONNECTION=@OLD_COLLATION_CONNECTION */;
